Date, Open, High, Low, Close, Volume
10/14/22, 67.26, 67.45, 63.78, 63.92, 19453090
10/13/22, 63.06, 70.20, 62.32, 66.62, 36639340
10/12/22, 63.60, 64.23, 63.365, 64.11, 16468680
10/11/22, 64.20, 64.91, 62.62, 63.45, 28699311
10/10/22, 69.85, 69.88, 67.01, 67.44, 16042220
10/07/22, 71.81, 72.03, 69.75, 69.75, 14758620
10/06/22, 73.97, 74.92, 73.86, 74.35, 11796840
10/05/22, 72.92, 74.91, 72.58, 74.48, 14037150
10/04/22, 70.80, 72.9294, 70.72, 72.81, 14900690
10/03/22, 68.08, 69.5675, 67.65, 69.25, 11945090
09/30/22, 67.81, 69.65, 67.74, 68.56, 10472370
09/29/22, 70.52, 70.68, 68.48, 69.28, 16120330
09/28/22, 71.11, 72.29, 70.70, 72.13, 12943620
09/27/22, 73.51, 74.04, 72.35, 73.03, 12430580
09/26/22, 73.47, 74.19, 72.92, 73.01, 13441490
09/23/22, 74.30, 74.39, 73.09, 73.87, 12685530
09/22/22, 76.45, 76.75, 75.355, 75.63, 10817850
09/21/22, 77.58, 79.31, 77.14, 77.14, 10869000
09/20/22, 77.54, 78.435, 77.51, 78.15, 8202782
09/19/22, 76.55, 78.23, 76.545, 78.23, 10378600
09/16/22, 77.11, 78.00, 76.92, 77.89, 10604540
09/15/22, 78.58, 79.25, 77.67, 77.98, 10533050
09/14/22, 79.74, 80.155, 78.98, 79.66, 8849582
09/13/22, 80.42, 81.14, 78.515, 78.81, 12835060
09/12/22, 81.97, 82.495, 81.76, 82.15, 7903004
09/09/22, 80.83, 81.66, 80.74, 81.53, 7086204
09/08/22, 79.01, 80.735, 78.77, 80.24, 8181692
09/07/22, 78.39, 80.175, 78.23, 79.95, 9843466
09/06/22, 81.03, 81.03, 79.52, 80.03, 12428300
09/02/22, 81.55, 82.98, 80.61, 80.90, 8850116
09/01/22, 81.45, 81.83, 80.12, 81.64, 11565970
08/31/22, 84.11, 84.87, 83.0625, 83.35, 8887148
08/30/22, 83.78, 83.98, 81.73, 82.79, 8392293
08/29/22, 83.91, 84.32, 82.78, 82.85, 9639661
08/26/22, 87.50, 87.79, 84.65, 84.74, 9381506
08/25/22, 86.33, 87.59, 86.01, 87.57, 6602130
08/24/22, 85.80, 86.13, 85.20, 85.56, 7085798
08/23/22, 85.16, 86.595, 84.99, 86.03, 8462474
08/22/22, 85.41, 86.03, 84.94, 85.24, 8053958
08/19/22, 88.50, 88.59, 87.015, 87.20, 9602761
08/18/22, 88.71, 89.67, 88.415, 89.27, 10947700
08/17/22, 89.00, 89.77, 88.48, 89.20, 9093091
08/16/22, 91.14, 91.35, 88.5681, 89.95, 10566120
08/15/22, 90.01, 91.94, 90.00, 91.57, 15949520
08/12/22, 89.68, 91.35, 89.64, 90.86, 12098830
08/11/22, 89.96, 91.00, 89.31, 89.52, 11158790
08/10/22, 86.81, 88.67, 86.31, 88.67, 10704580
08/09/22, 86.94, 87.14, 84.44, 85.21, 13075010
08/08/22, 88.98, 89.10, 86.91, 87.94, 12122330
08/05/22, 88.03, 90.975, 88.01, 89.77, 13293500
08/04/22, 87.00, 88.42, 86.62, 88.42, 13472520
08/03/22, 85.96, 86.77, 84.555, 86.51, 20779410
08/02/22, 84.52, 87.51, 84.17, 86.05, 15541620
08/01/22, 85.30, 86.89, 84.30, 86.31, 20102609
07/29/22, 87.82, 89.21, 87.79, 88.48, 10366200
07/28/22, 87.13, 88.62, 86.45, 88.61, 10668230
07/27/22, 85.31, 87.90, 85.31, 87.63, 9399496
07/26/22, 84.76, 85.20, 83.845, 84.42, 6977686
07/25/22, 86.30, 86.70, 85.63, 86.30, 5960949
07/22/22, 87.41, 87.73, 85.80, 86.32, 8612137
07/21/22, 86.68, 87.795, 86.40, 87.79, 7134954
07/20/22, 85.18, 86.752, 85.11, 86.56, 11664800
07/19/22, 85.00, 86.47, 84.564, 86.15, 10673130
07/18/22, 86.06, 86.08, 83.37, 83.58, 11352460
07/15/22, 85.58, 86.04, 83.965, 85.63, 14061050
07/14/22, 82.95, 84.04, 80.51, 83.67, 23377010
07/13/22, 79.28, 81.72, 78.90, 81.29, 14706500
07/12/22, 81.16, 81.48, 78.93, 79.10, 10363670
07/11/22, 79.77, 80.27, 78.82, 79.11, 9527709
07/08/22, 79.92, 82.16, 79.76, 81.51, 10004170
07/07/22, 78.60, 80.96, 78.34, 80.65, 15847750
07/06/22, 74.29, 76.30, 73.78, 75.56, 11530530
07/05/22, 74.55, 76.15, 73.74, 76.11, 22270971
07/01/22, 79.04, 79.22, 76.18, 77.00, 19531699
06/30/22, 81.46, 82.22, 80.12, 81.75, 14201620
06/29/22, 84.43, 84.61, 83.33, 83.65, 7981289
06/28/22, 86.15, 86.81, 84.34, 84.34, 8290894
06/27/22, 86.92, 87.00, 85.58, 85.86, 7358017
06/24/22, 84.15, 86.55, 84.15, 85.92, 10670090
06/23/22, 84.13, 84.23, 82.755, 84.12, 10370300
06/22/22, 84.64, 86.1753, 84.55, 84.91, 7873518
06/21/22, 86.00, 87.75, 86.00, 86.95, 9603974
06/17/22, 85.00, 85.60, 83.95, 85.00, 9735491
06/16/22, 85.22, 85.93, 83.99, 84.52, 10505200
06/15/22, 87.51, 89.81, 87.37, 89.13, 11742540
06/14/22, 86.74, 87.88, 86.2899, 87.19, 10449550
06/13/22, 86.06, 86.83, 85.015, 85.55, 14603690
06/10/22, 90.54, 90.72, 88.625, 88.68, 10463740
06/09/22, 93.00, 93.50, 90.80, 90.85, 8091123
06/08/22, 94.00, 94.9299, 93.14, 93.47, 6446275
06/07/22, 92.67, 93.86, 91.77, 93.84, 7360186
06/06/22, 95.00, 95.54, 92.865, 93.11, 9440246
06/03/22, 94.36, 94.5829, 92.90, 93.77, 9137134
06/02/22, 93.99, 96.37, 93.6201, 96.34, 6334967
06/01/22, 95.60, 96.36, 93.825, 94.75, 6152366
05/31/22, 95.54, 96.29, 94.51, 95.30, 9621699
05/27/22, 92.62, 93.818, 92.53, 93.77, 6279008
05/26/22, 89.41, 91.365, 89.0378, 91.00, 9762724
05/25/22, 89.33, 90.92, 89.04, 90.41, 9113503
05/24/22, 89.52, 89.80, 88.52, 88.72, 8788577
05/23/22, 91.02, 91.91, 90.65, 91.50, 6920473
05/20/22, 93.04, 93.04, 88.83, 90.78, 10469940
05/19/22, 89.84, 92.10, 89.5586, 90.21, 7738979
05/18/22, 92.07, 93.23, 90.37, 90.53, 9610923
05/17/22, 93.30, 93.49, 92.37, 93.32, 7668780
05/16/22, 89.87, 91.37, 89.50, 90.41, 6729129
05/13/22, 88.87, 91.36, 88.16, 90.96, 11180640
05/12/22, 86.22, 88.21, 85.39, 87.69, 11592850
05/11/22, 88.87, 90.57, 87.80, 87.83, 11531270
05/10/22, 90.02, 90.29, 88.09, 88.82, 11690450
05/09/22, 89.94, 90.19, 87.01, 87.30, 11428620
05/06/22, 91.40, 92.88, 90.27, 91.63, 7944884
05/05/22, 94.04, 94.38, 91.22, 92.15, 11517240
05/04/22, 93.91, 96.07, 91.915, 95.99, 9082506
05/03/22, 92.78, 94.045, 92.51, 93.63, 9511887
05/02/22, 92.50, 94.273, 91.24, 93.76, 8251931
04/29/22, 93.18, 95.59, 92.77, 92.93, 10629320
04/28/22, 92.16, 96.20, 91.78, 95.22, 15176160
04/27/22, 91.84, 92.69, 90.22, 90.26, 15846300
04/26/22, 94.94, 95.0237, 92.77, 92.77, 14175990
04/25/22, 95.05, 96.28, 94.45, 96.24, 10654400
04/22/22, 97.03, 97.79, 95.36, 95.68, 11650100
04/21/22, 99.75, 100.65, 97.41, 97.66, 13038540
04/20/22, 100.40, 101.00, 98.90, 99.01, 8596861
04/19/22, 98.44, 99.45, 97.71, 99.45, 10103020
04/18/22, 97.95, 99.84, 97.47, 98.77, 10277450
04/14/22, 104.00, 104.50, 98.33, 98.36, 17828480
04/13/22, 99.80, 102.22, 99.50, 101.50, 15776800
04/12/22, 100.00, 100.15, 97.44, 97.44, 13291480
04/11/22, 98.22, 98.38, 96.91, 97.57, 12480480
04/08/22, 100.62, 100.70, 99.12, 99.29, 11796240
04/07/22, 100.42, 101.23, 99.65, 100.52, 12430960
04/06/22, 100.42, 102.14, 99.72, 101.18, 14902560
04/05/22, 104.48, 104.60, 102.11, 102.50, 12290990
04/04/22, 104.02, 105.57, 103.28, 104.79, 9083931
04/01/22, 105.77, 105.95, 102.21, 102.79, 12085100
03/31/22, 106.96, 107.15, 104.19, 104.26, 13021620
03/30/22, 107.79, 109.34, 106.51, 106.73, 15456250
03/29/22, 107.915, 109.755, 106.79, 109.25, 14076210
03/28/22, 105.62, 106.72, 104.61, 106.33, 8151204
03/25/22, 107.69, 107.98, 105.84, 106.73, 7433728
03/24/22, 106.78, 107.98, 105.83, 107.92, 10834030
03/23/22, 106.50, 108.19, 105.35, 105.35, 12905340
03/22/22, 106.39, 107.955, 106.23, 107.04, 10401190
03/21/22, 106.72, 107.215, 105.1301, 106.92, 10366070
03/18/22, 105.71, 107.04, 104.89, 106.72, 10218170
03/17/22, 105.75, 106.53, 104.75, 106.49, 8041999
03/16/22, 102.99, 105.79, 102.81, 105.69, 20347070
03/15/22, 98.03, 102.14, 97.62, 102.09, 13415590
03/14/22, 101.52, 101.86, 99.07, 99.30, 17959381
03/11/22, 105.36, 105.36, 101.30, 101.41, 18116439
03/10/22, 104.19, 105.53, 102.52, 103.96, 11811010
03/09/22, 104.505, 105.72, 102.76, 104.95, 14348370
03/08/22, 100.21, 103.11, 98.62, 100.00, 25649961
03/07/22, 103.29, 104.09, 99.055, 99.29, 29422891
03/04/22, 107.00, 108.12, 103.805, 105.06, 22379150
03/03/22, 109.91, 110.00, 107.60, 108.79, 10841730
03/02/22, 108.40, 109.97, 107.86, 109.61, 13342390
03/01/22, 110.00, 111.1062, 107.05, 108.05, 20377881
02/28/22, 109.37, 109.77, 105.00, 107.01, 26390830
02/25/22, 112.29, 113.00, 109.36, 111.23, 14258910
02/24/22, 108.00, 111.98, 104.38, 111.88, 27539109
02/23/22, 118.55, 119.43, 115.76, 115.90, 8114717
02/22/22, 117.50, 119.36, 115.72, 116.91, 9793472
02/18/22, 120.52, 120.69, 118.45, 119.31, 8389010
02/17/22, 122.49, 122.75, 119.65, 119.76, 7976737
02/16/22, 123.14, 124.29, 121.57, 123.60, 5749484
02/15/22, 122.015, 124.61, 121.46, 124.52, 9258676
02/14/22, 119.95, 121.55, 118.00, 119.77, 8081751
02/11/22, 125.50, 126.58, 120.45, 121.01, 9845686
02/10/22, 124.80, 128.66, 124.36, 124.71, 10474920
02/09/22, 124.88, 125.55, 122.76, 125.52, 10979700
02/08/22, 122.00, 123.86, 121.61, 123.71, 7036211
02/07/22, 122.56, 124.10, 121.88, 122.31, 6562909
02/04/22, 120.44, 121.83, 119.39, 121.02, 5743240
02/03/22, 121.45, 123.88, 119.25, 119.84, 9926778
02/02/22, 126.23, 126.47, 122.55, 124.15, 8562948
02/01/22, 122.90, 123.2369, 120.10, 123.05, 6956333
01/31/22, 119.52, 122.77, 118.81, 122.63, 10189150
01/28/22, 118.71, 119.60, 114.19, 117.61, 14005880
01/27/22, 124.00, 124.14, 116.03, 116.38, 18599850
01/26/22, 125.38, 126.6715, 121.89, 123.08, 13592100
01/25/22, 125.49, 125.82, 121.70, 122.48, 11370500
01/24/22, 123.77, 126.07, 120.13, 125.96, 17100520
01/21/22, 127.08, 127.98, 124.27, 124.53, 15573730
01/20/22, 131.92, 132.7499, 128.20, 128.33, 11421880
01/19/22, 134.62, 135.90, 130.94, 131.01, 11155140
01/18/22, 136.75, 137.1799, 133.29, 133.83, 15202550
01/14/22, 136.09, 143.88, 136.09, 140.66, 28255340
01/13/22, 140.75, 145.00, 138.92, 139.19, 52019992
01/12/22, 130.50, 132.92, 130.22, 132.23, 16389199
01/11/22, 126.54, 129.55, 125.4975, 129.17, 12113150
01/10/22, 125.11, 125.87, 123.26, 125.01, 11857710
01/07/22, 126.55, 127.14, 123.31, 123.50, 21248090
01/06/22, 127.00, 129.00, 124.81, 128.47, 16248970
01/05/22, 130.71, 130.88, 126.88, 127.06, 17891189
01/04/22, 130.87, 135.50, 130.30, 133.40, 25554939
01/03/22, 124.125, 129.5859, 124.00, 128.80, 18638189
12/31/21, 121.35, 121.75, 120.22, 120.31, 3888151
12/30/21, 121.00, 121.5518, 120.19, 120.42, 4187802
12/29/21, 121.80, 123.15, 120.97, 121.41, 5847669
12/28/21, 123.38, 123.66, 121.87, 122.06, 6322707
12/27/21, 121.22, 123.26, 121.20, 122.70, 6316917
12/23/21, 120.96, 121.79, 119.84, 120.68, 6512512
12/22/21, 116.92, 121.44, 116.83, 121.30, 9300126
12/21/21, 116.07, 117.50, 115.08, 117.44, 6122925
12/20/21, 115.92, 116.62, 113.91, 114.94, 6980781
12/17/21, 116.29, 117.49, 115.93, 116.32, 11765680
12/16/21, 120.34, 120.75, 116.135, 116.57, 9116058
12/15/21, 116.79, 120.51, 116.48, 120.40, 6700712
12/14/21, 115.44, 116.98, 115.25, 116.29, 6267349
12/13/21, 118.86, 119.03, 116.39, 116.42, 5854263
12/10/21, 120.00, 120.79, 118.24, 119.13, 5973913
12/09/21, 121.18, 122.09, 119.49, 119.50, 6103894
12/08/21, 121.63, 122.22, 120.11, 121.80, 5795681
12/07/21, 120.54, 122.58, 120.26, 122.32, 7459249
12/06/21, 118.89, 119.50, 116.58, 119.14, 5681181
12/03/21, 121.00, 121.85, 117.98, 119.33, 7809043
12/02/21, 120.35, 123.40, 120.02, 121.70, 8425542
12/01/21, 119.22, 123.51, 119.22, 120.63, 12939400
11/30/21, 118.10, 120.17, 115.76, 117.15, 10561770
11/29/21, 118.36, 119.88, 117.90, 119.28, 7633952
11/26/21, 117.50, 119.04, 116.52, 117.09, 6766865
11/24/21, 120.00, 120.87, 118.395, 120.71, 6992624
11/23/21, 122.72, 123.20, 119.52, 121.36, 10983990
11/22/21, 123.50, 128.09, 123.21, 124.75, 16086020
11/19/21, 122.03, 124.80, 122.02, 124.26, 9076350
11/18/21, 119.97, 123.555, 119.80, 123.39, 13229660
11/17/21, 118.00, 119.55, 117.51, 119.06, 6391350
11/16/21, 117.69, 118.38, 117.16, 118.08, 5555127
11/15/21, 119.32, 119.64, 117.51, 118.12, 5156986
11/12/21, 118.39, 118.82, 117.27, 118.69, 6947202
11/11/21, 119.26, 120.465, 117.80, 118.19, 6993951
11/10/21, 119.60, 120.80, 117.68, 118.20, 9046064
11/09/21, 121.25, 123.27, 120.17, 121.78, 10874130
11/08/21, 118.39, 122.25, 117.05, 120.91, 15776320
11/05/21, 118.17, 119.5299, 116.25, 117.80, 8668123
11/04/21, 113.37, 117.85, 112.41, 117.79, 14682840
11/03/21, 113.44, 114.10, 112.7303, 114.01, 6073019
11/02/21, 113.59, 114.80, 113.54, 114.11, 4479656
11/01/21, 113.58, 114.34, 113.35, 114.12, 4955700
10/29/21, 114.07, 114.19, 113.22, 113.70, 7118867
10/28/21, 113.66, 116.02, 113.54, 116.01, 5714261
10/27/21, 114.03, 115.06, 113.71, 113.75, 5394494
10/26/21, 114.94, 115.30, 113.72, 114.18, 4852307
10/25/21, 114.40, 114.5499, 113.11, 113.64, 6667685
10/22/21, 116.24, 117.15, 114.23, 114.23, 6283013
10/21/21, 115.01, 116.35, 114.6108, 116.29, 4640287
10/20/21, 116.88, 117.025, 115.55, 115.59, 8205785
10/19/21, 115.80, 116.98, 115.63, 116.96, 5406087
10/18/21, 113.42, 115.35, 113.42, 115.34, 6773808
10/15/21, 114.78, 114.95, 112.96, 114.86, 11558810
10/14/21, 114.14, 114.74, 111.16, 112.56, 16930480
10/13/21, 109.32, 110.05, 108.95, 109.98, 7845095
10/12/21, 110.47, 111.03, 108.555, 109.20, 9294631
10/11/21, 110.08, 111.71, 109.90, 110.26, 5318487
10/08/21, 110.98, 111.07, 109.51, 110.04, 5143409
10/07/21, 111.00, 111.71, 110.49, 110.83, 7821918
10/06/21, 108.44, 109.52, 107.58, 109.34, 7553611
10/05/21, 109.80, 110.35, 109.22, 109.26, 8039615
10/04/21, 111.00, 111.43, 108.52, 109.02, 8514511
10/01/21, 112.00, 112.30, 110.30, 111.56, 5315200
09/30/21, 112.43, 113.35, 111.65, 111.65, 6437891
09/29/21, 112.30, 112.85, 111.02, 111.62, 6522356
09/28/21, 114.33, 115.04, 111.85, 111.90, 9792250
09/27/21, 115.70, 116.57, 115.01, 116.15, 5198843
09/24/21, 116.00, 116.56, 115.525, 115.64, 4455865
09/23/21, 116.97, 116.97, 115.59, 116.19, 5484707
09/22/21, 115.23, 116.24, 114.91, 115.87, 5345592
09/21/21, 115.65, 115.87, 114.553, 114.96, 8182230
09/20/21, 115.20, 116.01, 113.55, 114.70, 8991029
09/17/21, 120.19, 120.47, 117.69, 117.75, 10729200
09/16/21, 120.00, 121.13, 119.35, 120.79, 7301357
09/15/21, 122.405, 122.50, 120.88, 121.50, 5566531
09/14/21, 123.63, 123.63, 122.40, 123.09, 5110493
09/13/21, 122.94, 124.10, 122.202, 123.62, 6622769
09/10/21, 123.02, 124.335, 122.89, 122.97, 5163940
09/09/21, 122.19, 123.49, 121.88, 122.68, 5101323
09/08/21, 122.97, 123.14, 121.23, 121.89, 7983285
09/07/21, 124.62, 125.28, 123.89, 124.70, 9746856
09/03/21, 121.58, 124.48, 121.26, 123.97, 10369890
09/02/21, 120.94, 121.39, 120.46, 120.79, 6869814
09/01/21, 120.215, 121.36, 119.56, 120.46, 8603893
08/31/21, 120.01, 120.80, 118.70, 119.01, 8424941
08/30/21, 118.88, 119.50, 118.47, 118.99, 6434244
08/27/21, 118.33, 119.30, 117.69, 118.49, 6827711
08/26/21, 117.98, 118.46, 116.35, 118.10, 9892122
08/25/21, 115.71, 119.18, 115.61, 117.03, 22106789
08/24/21, 111.82, 113.065, 111.80, 112.11, 6719811
08/23/21, 110.08, 111.33, 109.27, 110.96, 9533453
08/20/21, 109.14, 109.71, 107.73, 108.12, 13042020
08/19/21, 109.00, 110.97, 107.68, 110.52, 12146910
08/18/21, 111.74, 113.00, 110.38, 110.45, 9167291
08/17/21, 113.73, 113.85, 110.75, 111.11, 13398800
08/16/21, 115.10, 115.48, 114.095, 114.63, 5439250
08/13/21, 115.07, 115.52, 114.49, 115.50, 4593208
08/12/21, 115.55, 115.95, 114.44, 115.70, 6345036
08/11/21, 116.50, 117.29, 115.20, 115.99, 4490350
08/10/21, 118.50, 119.05, 114.08, 116.36, 5132785
08/09/21, 118.42, 118.79, 117.32, 118.22, 4280237
08/06/21, 118.37, 118.60, 117.45, 118.21, 4338144
08/05/21, 119.07, 119.24, 118.24, 119.22, 4452335
08/04/21, 118.43, 119.55, 118.28, 118.74, 4253964
08/03/21, 117.31, 118.64, 116.84, 118.41, 5874719
08/02/21, 117.50, 118.38, 116.66, 116.86, 6028772
07/30/21, 115.50, 117.42, 115.19, 116.64, 6482617
07/29/21, 116.00, 117.11, 115.61, 116.15, 7162034
07/28/21, 113.94, 115.51, 113.88, 115.07, 6819729
07/27/21, 115.32, 115.40, 112.0455, 113.54, 11127510
07/26/21, 115.79, 116.10, 114.87, 115.65, 6440613
07/23/21, 117.65, 117.65, 115.33, 116.79, 5773862
07/22/21, 118.09, 118.09, 116.21, 116.56, 5746523
07/21/21, 116.23, 117.87, 115.93, 117.87, 5564738
07/20/21, 115.88, 116.87, 114.43, 116.40, 7108021
07/19/21, 114.00, 115.6177, 113.23, 115.35, 9230201
07/16/21, 118.75, 118.99, 115.17, 115.74, 12110020
07/15/21, 120.12, 120.70, 116.87, 117.53, 23734490
07/14/21, 125.15, 125.78, 124.07, 124.39, 10587740
07/13/21, 123.19, 125.48, 122.13, 123.90, 13460160
07/12/21, 121.19, 122.7299, 119.52, 122.63, 10668670
07/09/21, 118.00, 120.785, 117.62, 120.56, 8374158
07/08/21, 115.87, 118.275, 115.38, 117.87, 7565354
07/07/21, 120.64, 121.05, 118.205, 118.25, 7391845
07/06/21, 119.85, 120.96, 118.22, 120.05, 7181463
07/02/21, 118.75, 119.18, 118.41, 118.91, 5148281
07/01/21, 120.10, 120.2055, 118.03, 118.42, 8295619
06/30/21, 120.16, 120.76, 119.0116, 120.16, 7936357
06/29/21, 119.40, 120.285, 118.4183, 120.23, 7874887
06/28/21, 117.29, 119.95, 117.18, 119.61, 11026590
06/25/21, 117.45, 117.925, 116.53, 116.53, 6712802
06/24/21, 116.72, 117.67, 116.27, 117.24, 6772228
06/23/21, 116.20, 117.42, 115.8087, 116.05, 8913726
06/22/21, 113.50, 114.49, 112.01, 114.33, 11792380
06/21/21, 115.38, 115.40, 113.02, 114.14, 11116210
06/18/21, 117.51, 117.8898, 115.21, 115.79, 12532780
06/17/21, 117.68, 120.24, 117.59, 119.12, 7608083
06/16/21, 119.55, 119.895, 117.50, 118.02, 8059377
06/15/21, 120.35, 122.00, 119.27, 119.45, 8196928
06/14/21, 118.55, 121.00, 118.46, 120.99, 7610338
06/11/21, 118.29, 118.42, 117.16, 118.25, 6036625
06/10/21, 117.04, 118.85, 116.63, 118.24, 8566639
06/09/21, 116.00, 117.65, 115.97, 117.13, 6401585
06/08/21, 117.55, 117.678, 115.06, 115.92, 11564750
06/07/21, 118.14, 118.75, 117.57, 118.22, 6266010
06/04/21, 118.23, 119.85, 118.05, 119.51, 5352051
06/03/21, 118.05, 118.26, 116.461, 116.82, 4912170
06/02/21, 118.90, 119.45, 117.92, 118.95, 5383361
06/01/21, 119.71, 120.04, 117.43, 118.51, 7596056
05/28/21, 116.30, 117.84, 115.95, 117.36, 5391713
05/27/21, 116.00, 116.53, 115.00, 115.77, 6513706
05/26/21, 114.00, 116.00, 114.00, 116.00, 6605133
05/25/21, 114.85, 114.94, 113.60, 114.28, 5331665
05/24/21, 112.26, 114.54, 112.12, 113.63, 6650678
05/21/21, 114.00, 114.00, 111.69, 111.85, 5979369
05/20/21, 112.39, 113.72, 112.10, 113.28, 6442494
05/19/21, 108.50, 112.49, 108.00, 112.40, 7280450
05/18/21, 113.00, 113.48, 110.74, 110.84, 7476605
05/17/21, 109.07, 110.03, 107.87, 109.80, 10676420
05/14/21, 110.61, 112.83, 110.24, 112.46, 8425191
05/13/21, 109.36, 111.43, 107.90, 108.75, 10561430
05/12/21, 109.35, 110.0899, 108.06, 108.21, 15058920
05/11/21, 109.73, 112.99, 109.13, 112.85, 10007720
05/10/21, 114.98, 115.38, 112.23, 112.31, 12281220
05/07/21, 118.40, 119.42, 116.05, 116.83, 9614315
05/06/21, 115.30, 117.635, 114.46, 117.00, 8581653
05/05/21, 116.00, 116.4898, 114.85, 115.38, 7059045
05/04/21, 115.00, 115.82, 113.74, 115.36, 9638315
05/03/21, 117.47, 117.55, 115.73, 115.94, 10229530
04/30/21, 118.01, 118.18, 116.65, 116.74, 7950744
04/29/21, 120.72, 120.8339, 117.61, 119.10, 8831780
04/28/21, 120.00, 120.415, 118.73, 119.66, 6476501
04/27/21, 121.50, 121.65, 119.89, 121.27, 5491795
04/26/21, 120.00, 121.54, 119.40, 121.52, 8444012
04/23/21, 116.58, 118.72, 115.93, 118.64, 8386671
04/22/21, 117.50, 117.50, 114.41, 115.32, 7411787
04/21/21, 114.50, 117.49, 113.77, 117.40, 8472229
04/20/21, 116.05, 116.78, 114.55, 114.95, 9299195
04/19/21, 118.00, 118.88, 115.20, 115.40, 12630310
04/16/21, 119.19, 120.60, 117.8484, 118.84, 9512086
04/15/21, 121.70, 122.00, 116.56, 118.35, 18709051
04/14/21, 121.99, 122.43, 120.50, 120.84, 9521863
04/13/21, 122.40, 122.90, 120.35, 121.27, 8384755
04/12/21, 122.21, 122.46, 119.24, 120.90, 9868416
04/09/21, 122.75, 123.435, 121.70, 122.80, 8315187
04/08/21, 121.38, 123.82, 121.38, 123.43, 10226710
04/07/21, 122.44, 122.61, 119.84, 119.89, 11193230
04/06/21, 124.00, 124.01, 121.54, 122.44, 13042310
04/05/21, 127.07, 127.40, 122.681, 124.50, 14113890
04/01/21, 122.81, 124.88, 121.64, 124.80, 17904010
03/31/21, 115.79, 118.355, 115.56, 118.28, 9806546
03/30/21, 115.28, 116.0881, 114.29, 115.07, 8206164
03/29/21, 116.55, 116.76, 112.39, 114.39, 10863640
03/26/21, 112.00, 116.70, 111.20, 116.56, 12910910
03/25/21, 108.00, 112.75, 107.89, 110.45, 16772400
03/24/21, 112.47, 114.69, 108.85, 108.96, 24196070
03/23/21, 116.10, 116.75, 114.615, 114.89, 8977391
03/22/21, 114.79, 118.33, 114.79, 117.18, 9376422
03/19/21, 114.38, 114.89, 113.21, 113.63, 11535950
03/18/21, 118.00, 118.33, 114.10, 114.50, 10299940
03/17/21, 117.75, 119.52, 115.39, 118.76, 9869563
03/16/21, 119.72, 121.245, 118.10, 119.35, 10793370
03/15/21, 118.65, 119.11, 116.71, 119.08, 8946293
03/12/21, 119.00, 119.00, 117.28, 118.30, 8171001
03/11/21, 118.24, 120.80, 117.07, 120.58, 15091600
03/10/21, 117.80, 118.03, 113.41, 113.83, 15240260
03/09/21, 117.07, 118.40, 115.33, 116.38, 17717109
03/08/21, 120.54, 121.00, 113.70, 113.93, 17246949
03/05/21, 120.90, 121.30, 115.38, 120.80, 17448730
03/04/21, 121.95, 123.15, 113.49, 115.59, 24454250
03/03/21, 126.72, 127.7599, 122.71, 122.89, 10660310
03/02/21, 128.43, 128.52, 126.00, 126.00, 8274533
03/01/21, 129.63, 130.30, 127.24, 129.13, 9714884
02/26/21, 125.43, 127.39, 122.83, 125.94, 17280949
02/25/21, 131.52, 131.54, 125.72, 126.00, 13581190
02/24/21, 129.51, 132.38, 127.68, 132.30, 12782880
02/23/21, 129.10, 131.7399, 125.3827, 129.10, 18444730
02/22/21, 133.59, 135.28, 133.18, 133.57, 10363780
02/19/21, 136.15, 137.95, 135.72, 136.66, 10771930
02/18/21, 134.85, 135.88, 133.40, 134.63, 11614580
02/17/21, 139.21, 139.64, 136.10, 136.27, 12373650
02/16/21, 141.61, 142.195, 139.42, 140.05, 11833590
02/12/21, 138.915, 139.805, 137.1599, 138.06, 11114110
02/11/21, 135.40, 139.23, 134.06, 139.16, 12347930
02/10/21, 134.12, 136.00, 132.51, 133.69, 12196270
02/09/21, 133.98, 134.41, 131.75, 132.68, 7929117
02/08/21, 128.70, 133.25, 128.70, 132.55, 11159970
02/05/21, 128.79, 128.88, 126.70, 127.78, 6226765
02/04/21, 127.50, 128.20, 125.9707, 128.15, 7445110
02/03/21, 129.00, 129.14, 126.06, 127.50, 9676640
02/02/21, 129.47, 130.2488, 127.45, 128.44, 9302368
02/01/21, 124.54, 126.85, 123.38, 126.66, 10179940
01/29/21, 124.00, 124.36, 120.55, 121.52, 15169180
01/28/21, 124.50, 127.58, 123.58, 125.83, 14148050
01/27/21, 124.95, 125.10, 121.50, 121.74, 16732721
01/26/21, 129.05, 129.315, 126.25, 126.65, 17084609
01/25/21, 131.83, 132.17, 127.35, 130.52, 20469350
01/22/21, 130.04, 131.25, 128.81, 129.14, 19163230
01/21/21, 133.25, 135.40, 132.34, 134.16, 15609870
01/20/21, 135.19, 136.13, 130.10, 130.64, 17360740
01/19/21, 130.59, 134.05, 128.44, 131.30, 20443820
01/15/21, 128.47, 128.54, 123.21, 125.23, 17343061
01/14/21, 123.45, 134.645, 121.67, 126.45, 37125422
01/13/21, 124.40, 124.80, 118.00, 119.23, 20650480
01/12/21, 125.16, 125.20, 121.68, 123.00, 14163170
01/11/21, 119.74, 123.60, 118.80, 122.60, 12032650
01/08/21, 125.91, 126.29, 116.98, 118.69, 18976770
01/07/21, 119.34, 122.94, 117.59, 121.43, 13556090
01/06/21, 113.85, 116.39, 112.55, 115.61, 10609280
01/05/21, 112.41, 114.95, 112.01, 112.77, 10583570
01/04/21, 111.47, 114.10, 110.445, 111.70, 11262140
12/31/20, 109.66, 109.67, 108.4377, 109.04, 4909503
12/30/20, 107.70, 109.70, 107.40, 108.90, 9571771
12/29/20, 107.00, 107.15, 105.22, 105.56, 4602400
12/28/20, 107.60, 108.17, 105.95, 106.15, 5157016
12/24/20, 104.76, 106.34, 104.67, 105.97, 3172110
12/23/20, 104.67, 104.87, 103.60, 103.76, 3320779
12/22/20, 105.07, 105.22, 102.91, 103.94, 5601057
12/21/20, 103.56, 104.96, 103.32, 104.83, 6116373
12/18/20, 104.00, 104.80, 103.155, 104.28, 7417039
12/17/20, 104.90, 105.32, 103.85, 103.90, 7779301
12/16/20, 105.65, 105.67, 103.96, 105.20, 5986854
12/15/20, 105.68, 106.38, 104.42, 105.09, 7403995
12/14/20, 103.77, 104.90, 103.50, 103.56, 5878013
12/11/20, 104.01, 105.12, 103.22, 104.03, 7492587
12/10/20, 103.00, 105.11, 102.20, 104.23, 7135041
12/09/20, 106.01, 106.60, 103.51, 104.42, 8204104
12/08/20, 107.78, 107.84, 105.11, 105.64, 9876217
12/07/20, 106.02, 107.61, 104.97, 106.39, 11792960
12/04/20, 101.51, 103.75, 100.70, 103.73, 10824540
12/03/20, 101.06, 101.19, 99.43, 99.50, 7358959
12/02/20, 102.00, 102.035, 99.52, 99.54, 8676338
12/01/20, 98.69, 104.30, 98.52, 100.86, 16164730
11/30/20, 97.56, 97.95, 96.20, 97.02, 13840520
11/27/20, 98.54, 99.27, 98.05, 98.74, 4367070
11/25/20, 96.20, 97.99, 96.14, 97.49, 5194871
11/24/20, 98.49, 98.59, 96.02, 96.64, 7022831
11/23/20, 97.16, 98.93, 96.85, 98.13, 8806565
11/20/20, 96.66, 97.20, 95.30, 95.33, 5335994
11/19/20, 96.77, 96.86, 95.62, 96.61, 5542791
11/18/20, 98.52, 98.80, 96.37, 96.93, 8526561
11/17/20, 97.98, 98.09, 95.69, 95.71, 10843680
11/16/20, 96.42, 102.44, 96.36, 99.27, 18436211
11/13/20, 91.54, 93.81, 91.21, 93.22, 9180058
11/12/20, 90.88, 91.89, 89.78, 89.82, 7481999
11/11/20, 89.50, 91.18, 89.36, 90.88, 7707331
11/10/20, 88.40, 88.80, 86.70, 87.66, 8350080
11/09/20, 92.20, 92.48, 88.94, 89.03, 8978048
11/06/20, 89.81, 91.50, 89.05, 91.41, 6402973
11/05/20, 90.42, 90.96, 89.77, 90.43, 6670090
11/04/20, 88.72, 89.77, 88.46, 89.45, 7620827
11/03/20, 86.19, 88.24, 86.06, 87.69, 6274661
11/02/20, 84.60, 85.96, 84.53, 85.71, 6597096
10/30/20, 84.43, 84.75, 83.16, 83.87, 4964485
10/29/20, 84.27, 85.325, 84.02, 84.89, 5845620
10/28/20, 85.15, 85.41, 83.84, 83.85, 8727340
10/27/20, 86.96, 87.22, 85.975, 86.71, 5315791
10/26/20, 87.21, 87.78, 85.77, 86.73, 5567997
10/23/20, 88.25, 88.45, 87.43, 88.31, 4165381
10/22/20, 88.44, 88.94, 87.88, 88.21, 5659769
10/21/20, 88.00, 88.87, 87.5662, 87.64, 7387647
10/20/20, 87.79, 88.98, 87.77, 88.26, 7358557
10/19/20, 88.34, 89.62, 87.29, 87.56, 7994502
10/16/20, 88.55, 88.59, 86.44, 86.70, 7460246
10/15/20, 87.29, 89.49, 87.19, 88.15, 10335230
10/14/20, 89.65, 89.88, 88.27, 88.60, 8196049
10/13/20, 90.50, 90.65, 89.43, 89.64, 8247043
10/12/20, 89.12, 91.27, 88.68, 90.91, 10021990
10/09/20, 88.34, 88.80, 87.64, 88.78, 7608763
10/08/20, 88.86, 88.86, 86.52, 87.80, 10920760
10/07/20, 84.78, 87.00, 84.78, 86.92, 11446400
10/06/20, 83.77, 84.45, 82.765, 83.12, 7795619
10/05/20, 81.55, 84.63, 81.55, 84.54, 10129080
10/02/20, 80.71, 82.195, 80.61, 80.80, 6145942
10/01/20, 82.06, 82.72, 81.74, 82.62, 6253844
09/30/20, 80.59, 81.935, 80.57, 81.07, 5878908
09/29/20, 79.70, 81.24, 79.31, 80.51, 6117121
09/28/20, 80.31, 80.37, 79.47, 79.77, 5999278
09/25/20, 78.17, 78.92, 77.39, 78.88, 6057546
09/24/20, 76.82, 78.995, 76.17, 78.38, 9940859
09/23/20, 79.70, 79.93, 77.89, 77.92, 9094689
09/22/20, 80.83, 80.89, 79.40, 80.48, 6375192
09/21/20, 79.80, 80.65, 79.085, 80.59, 8417129
09/18/20, 82.37, 82.84, 80.11, 80.23, 10528320
09/17/20, 81.00, 82.285, 80.61, 81.91, 10090230
09/16/20, 86.49, 86.49, 83.04, 83.13, 14506070
09/15/20, 81.56, 86.79, 81.38, 85.85, 21048350
09/14/20, 80.50, 81.12, 79.95, 80.50, 7091059
09/11/20, 80.01, 80.30, 78.60, 78.82, 7853450
09/10/20, 80.74, 81.23, 78.76, 78.90, 11241840
09/09/20, 78.62, 79.70, 78.55, 79.40, 7867529
09/08/20, 78.02, 79.15, 77.22, 77.32, 11553490
09/04/20, 80.50, 81.47, 77.41, 78.91, 13638720
09/03/20, 81.12, 81.81, 78.38, 81.18, 20090080
09/02/20, 81.35, 82.71, 79.88, 82.17, 12567850
09/01/20, 80.12, 81.60, 79.99, 81.55, 10208240
08/31/20, 79.00, 79.76, 78.69, 79.25, 9812880
08/28/20, 80.06, 80.88, 79.91, 80.44, 5699537
08/27/20, 82.18, 82.31, 80.17, 80.60, 8018244
08/26/20, 81.25, 82.165, 81.01, 81.75, 7821623
08/25/20, 79.85, 80.48, 79.47, 80.04, 6113068
08/24/20, 79.73, 79.91, 78.49, 78.90, 6405596
08/21/20, 78.02, 78.73, 77.86, 78.34, 7942292
08/20/20, 76.32, 77.10, 75.98, 76.81, 11457110
08/19/20, 79.01, 79.23, 78.25, 78.54, 7976798
08/18/20, 80.22, 80.82, 79.25, 79.41, 6804750
08/17/20, 79.80, 80.89, 79.66, 80.19, 8663917
08/14/20, 78.42, 79.23, 78.05, 78.41, 5611160
08/13/20, 79.00, 79.10, 77.83, 78.30, 6551833
08/12/20, 78.16, 79.55, 77.73, 79.39, 8359058
08/11/20, 79.09, 79.1967, 77.94, 77.94, 7056292
08/10/20, 80.55, 80.85, 79.2199, 79.87, 7421360
08/07/20, 80.49, 80.785, 79.41, 80.03, 8705825
08/06/20, 82.04, 82.10, 80.22, 80.52, 9838671
08/05/20, 80.98, 84.00, 80.57, 81.63, 14447180
08/04/20, 79.33, 80.19, 78.74, 80.19, 12569350
08/03/20, 77.77, 79.15, 77.41, 78.95, 10138010
07/31/20, 79.63, 79.77, 77.51, 78.89, 12027110
07/30/20, 80.01, 81.28, 78.61, 79.93, 16820320
07/29/20, 77.11, 83.37, 77.06, 82.67, 28304029
07/28/20, 79.345, 79.58, 76.49, 76.92, 31500119
07/27/20, 81.36, 83.40, 80.43, 83.25, 39899160
07/24/20, 71.40, 76.89, 71.35, 73.90, 41226762
07/23/20, 68.26, 68.50, 66.752, 67.37, 8559459
07/22/20, 68.10, 68.90, 68.03, 68.53, 7366145
07/21/20, 68.84, 69.25, 67.7073, 67.81, 10621310
07/20/20, 66.70, 66.98, 65.80, 66.89, 6357302
07/17/20, 67.31, 68.00, 66.37, 66.40, 11718250
07/16/20, 65.38, 66.63, 64.3201, 66.59, 15709370
07/15/20, 67.18, 67.21, 65.16, 66.06, 12432550
07/14/20, 66.00, 67.03, 65.33, 66.96, 10482660
07/13/20, 65.20, 67.075, 64.98, 65.07, 16667660
07/10/20, 64.47, 64.555, 63.19, 63.85, 10700000
07/09/20, 62.95, 64.9657, 62.89, 64.78, 16903301
07/08/20, 61.64, 62.74, 61.50, 62.59, 8721924
07/07/20, 61.26, 61.50, 60.68, 60.71, 6672334
07/06/20, 60.67, 62.13, 60.56, 61.88, 12725590
07/02/20, 57.95, 59.07, 57.95, 58.62, 10021230
07/01/20, 56.97, 57.47, 56.755, 56.82, 6866517
06/30/20, 56.25, 56.99, 56.185, 56.77, 7158807
06/29/20, 56.34, 56.41, 55.66, 56.39, 5016572
06/26/20, 57.00, 57.26, 56.21, 56.33, 6229329
06/25/20, 56.56, 57.09, 55.95, 57.04, 4509575
06/24/20, 56.71, 57.06, 56.155, 56.58, 7080243
06/23/20, 56.64, 57.16, 56.53, 56.76, 7836501
06/22/20, 55.50, 56.00, 55.32, 56.00, 4480431
06/19/20, 56.48, 56.50, 55.2675, 55.31, 6965050
06/18/20, 56.04, 56.54, 55.79, 56.15, 6831510
06/17/20, 56.15, 56.82, 55.89, 56.60, 8248700
06/16/20, 56.59, 57.00, 55.54, 55.80, 8828808
06/15/20, 54.71, 56.115, 54.52, 56.02, 7514094
06/12/20, 56.50, 56.87, 55.349, 56.00, 9838823
06/11/20, 55.85, 56.41, 55.01, 55.04, 9877129
06/10/20, 56.82, 58.04, 56.82, 57.55, 9194340
06/09/20, 55.29, 56.63, 54.95, 56.61, 9355114
06/08/20, 55.74, 55.78, 54.71, 55.57, 6302083
06/05/20, 55.50, 56.34, 55.06, 55.20, 9776102
06/04/20, 53.06, 54.365, 53.03, 54.28, 13269480
06/03/20, 52.64, 53.25, 52.42, 53.06, 8380179
06/02/20, 51.45, 52.04, 51.29, 52.01, 6063630
06/01/20, 50.91, 51.28, 50.54, 51.03, 6189338
05/29/20, 50.34, 50.73, 49.86, 50.33, 10919230
05/28/20, 51.46, 51.62, 50.10, 50.28, 8181643
05/27/20, 51.03, 51.74, 50.75, 51.74, 11405680
05/26/20, 51.30, 51.40, 50.79, 50.82, 8872005
05/22/20, 50.84, 50.86, 49.61, 49.80, 12462330
05/21/20, 52.10, 52.21, 50.69, 50.75, 7842611
05/20/20, 51.58, 52.085, 50.50, 51.84, 8406189
05/19/20, 51.35, 51.46, 50.80, 50.81, 12940340
05/18/20, 50.94, 52.185, 50.77, 51.87, 12731130
05/15/20, 50.56, 51.0527, 49.38, 49.80, 17777240
05/14/20, 50.43, 52.15, 49.79, 52.10, 13695620
05/13/20, 51.91, 52.02, 50.48, 50.92, 8610955
05/12/20, 52.64, 52.64, 51.08, 51.10, 8584464
05/11/20, 52.61, 52.83, 52.38, 52.40, 6459336
05/08/20, 52.62, 53.34, 52.47, 52.91, 6087907
05/07/20, 52.95, 52.98, 52.10, 52.33, 5495879
05/06/20, 52.11, 52.62, 52.00, 52.13, 8206720
05/05/20, 52.21, 52.58, 51.58, 51.71, 7780707
05/04/20, 51.79, 52.18, 51.275, 52.15, 7514029
05/01/20, 52.48, 52.56, 51.09, 51.10, 10238700
04/30/20, 54.20, 54.41, 52.96, 53.13, 6337929
04/29/20, 53.75, 54.69, 53.43, 54.48, 8565518
04/28/20, 53.51, 53.73, 52.68, 52.76, 8561068
04/27/20, 53.15, 53.75, 52.97, 53.51, 5812250
04/24/20, 52.60, 52.89, 52.00, 52.73, 5701920
04/23/20, 52.81, 53.13, 52.26, 52.64, 7619941
04/22/20, 52.48, 53.11, 52.41, 52.95, 8256019
04/21/20, 51.60, 51.81, 50.52, 51.37, 13102500
04/20/20, 53.00, 53.823, 52.56, 52.59, 9901710
04/17/20, 54.13, 54.19, 52.995, 53.69, 11288530
04/16/20, 51.81, 53.14, 51.675, 52.40, 18615869
04/15/20, 49.76, 49.97, 49.04, 49.66, 9398059
04/14/20, 50.00, 51.27, 49.953, 50.63, 11068760
04/13/20, 48.74, 49.09, 47.96, 48.75, 9873226
04/09/20, 50.28, 50.655, 47.72, 48.33, 12279620
04/08/20, 50.21, 50.60, 49.54, 50.27, 6325869
04/07/20, 51.29, 51.32, 49.66, 49.72, 6569106
04/06/20, 48.63, 50.10, 48.51, 49.97, 7344140
04/03/20, 47.79, 48.15, 46.78, 47.06, 5486218
04/02/20, 46.92, 48.22, 46.61, 48.13, 6174849
04/01/20, 46.83, 47.56, 46.30, 46.51, 8755264
03/31/20, 47.80, 49.03, 47.66, 47.79, 9595702
03/30/20, 47.18, 48.16, 46.77, 47.82, 8428670
03/27/20, 47.23, 48.085, 46.51, 46.91, 12158470
03/26/20, 49.10, 50.46, 48.92, 49.87, 10586130
03/25/20, 49.30, 50.05, 48.05, 49.00, 9796557
03/24/20, 48.00, 48.92, 47.50, 48.87, 12216210
03/23/20, 45.12, 45.605, 43.52, 45.26, 10508640
03/20/20, 48.02, 48.28, 44.48, 44.53, 14157670
03/19/20, 43.74, 45.18, 42.70, 43.89, 11182570
03/18/20, 43.80, 46.089, 43.26, 44.37, 15018460
03/17/20, 45.75, 48.56, 45.03, 48.54, 13415690
03/16/20, 46.34, 48.35, 44.90, 44.90, 16628221
03/13/20, 51.90, 52.46, 49.29, 52.23, 14948740
03/12/20, 49.66, 50.99, 48.51, 48.69, 15942230
03/11/20, 53.11, 53.56, 52.09, 52.24, 14499280
03/10/20, 53.71, 54.62, 52.49, 54.51, 11698750
03/09/20, 51.55, 54.14, 51.06, 51.83, 13781100
03/06/20, 54.60, 55.08, 53.97, 55.07, 12971190
03/05/20, 56.11, 56.39, 55.25, 55.73, 10004230
03/04/20, 55.97, 57.09, 55.55, 57.08, 9878176
03/03/20, 56.30, 56.37, 54.04, 54.88, 14661840
03/02/20, 54.37, 56.01, 53.83, 55.98, 13797720
02/28/20, 51.35, 54.05, 51.00, 53.84, 13607680
02/27/20, 54.20, 54.60, 53.27, 53.29, 11878850
02/26/20, 54.49, 55.41, 54.38, 55.03, 10971120
02/25/20, 55.33, 55.47, 53.83, 53.86, 12670740
02/24/20, 53.55, 54.69, 53.18, 54.12, 9968754
02/21/20, 56.65, 56.65, 55.515, 55.59, 6820252
02/20/20, 56.94, 57.04, 55.81, 56.48, 7192924
02/19/20, 57.25, 57.94, 57.00, 57.64, 7866300
02/18/20, 56.10, 56.56, 55.63, 56.18, 10994090
02/14/20, 59.02, 59.17, 57.87, 58.19, 6932372
02/13/20, 59.13, 59.70, 58.735, 59.33, 6460063
02/12/20, 59.25, 59.75, 58.90, 59.63, 5962850
02/11/20, 57.95, 58.90, 57.81, 58.66, 6523223
02/10/20, 56.44, 57.05, 56.34, 57.02, 4281235
02/07/20, 57.14, 57.14, 56.0603, 56.20, 6808673
02/06/20, 58.27, 58.28, 57.275, 58.02, 4236307
02/05/20, 58.10, 58.15, 57.1714, 57.92, 6594437
02/04/20, 56.92, 57.635, 56.90, 57.52, 12746640
02/03/20, 54.35, 54.935, 54.14, 54.77, 9595962
01/31/20, 55.43, 55.48, 53.60, 53.94, 13467190
01/30/20, 55.08, 56.035, 55.06, 55.80, 10295690
01/29/20, 57.52, 57.52, 56.85, 57.19, 7693913
01/28/20, 55.73, 57.12, 55.48, 57.09, 8124413
01/27/20, 55.62, 55.99, 55.06, 55.26, 9675548
01/24/20, 58.09, 58.14, 57.455, 57.73, 10402160
01/23/20, 57.86, 58.07, 56.615, 57.48, 9999164
01/22/20, 58.90, 58.94, 58.315, 58.35, 8124475
01/21/20, 57.99, 58.995, 57.47, 58.24, 9873708
01/17/20, 58.64, 58.75, 58.01, 58.58, 8125689
01/16/20, 59.20, 59.69, 58.303, 58.75, 11215740
01/15/20, 59.67, 59.70, 58.26, 58.39, 10075110
01/14/20, 60.16, 60.64, 59.92, 60.32, 6719190
01/13/20, 60.15, 60.16, 59.45, 60.06, 6617314
01/10/20, 59.70, 59.70, 58.77, 58.86, 4808160
01/09/20, 59.69, 59.705, 58.695, 59.23, 5113099
01/08/20, 58.19, 58.98, 58.11, 58.75, 5385681
01/07/20, 57.45, 58.60, 56.74, 58.32, 7508566
01/06/20, 57.60, 57.69, 57.13, 57.39, 8899372
01/03/20, 58.97, 58.98, 58.04, 58.06, 10547690
01/02/20, 59.60, 60.12, 59.60, 60.04, 8377256
12/31/19, 57.68, 58.13, 57.46, 58.10, 2950466
12/30/19, 58.66, 58.69, 57.62, 57.85, 3519922
12/27/19, 58.53, 58.71, 58.325, 58.46, 2847974
12/26/19, 57.80, 58.35, 57.76, 58.25, 2492163
12/24/19, 57.99, 58.09, 57.545, 57.76, 2692204
12/23/19, 58.03, 58.34, 57.95, 58.22, 4022901
12/20/19, 57.78, 58.30, 57.32, 57.93, 8044657
12/19/19, 58.50, 58.50, 57.88, 57.96, 7232143
12/18/19, 59.60, 59.64, 58.715, 59.10, 10022640
12/17/19, 59.71, 59.71, 58.78, 59.23, 8408601
12/16/19, 58.29, 58.70, 58.29, 58.54, 5783448
12/13/19, 59.05, 59.52, 58.25, 58.25, 9886910
12/12/19, 57.25, 58.62, 57.02, 58.61, 15792450
12/11/19, 55.04, 56.20, 55.03, 55.90, 11028460
12/10/19, 54.68, 55.06, 54.3332, 54.52, 4365729
12/09/19, 55.05, 55.19, 54.32, 54.46, 6642291
12/06/19, 54.50, 55.03, 54.50, 54.94, 5429134
12/05/19, 53.62, 54.54, 53.49, 54.40, 7625018
12/04/19, 53.27, 53.57, 53.11, 53.18, 3905249
12/03/19, 52.42, 52.925, 52.18, 52.78, 5516589
12/02/19, 53.55, 53.59, 52.78, 52.98, 4476987
11/29/19, 53.06, 53.16, 52.80, 53.09, 3391746
11/27/19, 54.03, 54.06, 53.54, 53.89, 2786779
11/26/19, 53.50, 53.7871, 53.375, 53.63, 5672986
11/25/19, 53.09, 53.94, 52.80, 53.76, 5021560
11/22/19, 52.92, 53.16, 52.735, 52.79, 4172254
11/21/19, 53.50, 53.51, 52.94, 52.98, 6036964
11/20/19, 53.55, 53.78, 53.205, 53.50, 5267448
11/19/19, 54.05, 54.14, 53.675, 53.76, 4731129
11/18/19, 53.39, 53.955, 53.39, 53.42, 4777785
11/15/19, 53.01, 53.39, 52.88, 53.29, 5986568
11/14/19, 52.50, 52.73, 52.13, 52.48, 5308889
11/13/19, 52.58, 52.94, 52.15, 52.88, 5368182
11/12/19, 52.69, 52.69, 52.03, 52.15, 8625255
11/11/19, 52.39, 52.75, 52.16, 52.60, 4047212
11/08/19, 53.53, 53.53, 52.53, 52.83, 6560936
11/07/19, 53.90, 54.37, 53.52, 53.67, 7892278
11/06/19, 53.70, 53.75, 53.10, 53.64, 4545554
11/05/19, 53.63, 53.97, 53.49, 53.55, 5290491
11/04/19, 53.55, 53.79, 53.12, 53.49, 7659725
11/01/19, 51.89, 52.10, 51.704, 52.10, 5227429
10/31/19, 51.89, 51.93, 51.35, 51.63, 5140841
10/30/19, 51.79, 52.06, 51.565, 51.91, 5199387
10/29/19, 51.50, 51.84, 51.44, 51.47, 5309253
10/28/19, 51.40, 51.475, 51.05, 51.31, 7725478
10/25/19, 50.80, 51.23, 50.69, 51.13, 6303865
10/24/19, 50.49, 51.05, 50.23, 50.95, 7018900
10/23/19, 50.10, 50.40, 49.92, 50.17, 7131046
10/22/19, 50.30, 50.83, 50.18, 50.64, 10723620
10/21/19, 49.53, 50.11, 49.33, 50.00, 6879537
10/18/19, 49.65, 50.09, 49.1273, 49.28, 9169558
10/17/19, 51.14, 51.21, 49.26, 49.75, 12420080
10/16/19, 50.34, 51.13, 50.073, 50.13, 13711820
10/15/19, 50.20, 50.64, 50.11, 50.39, 9631042
10/14/19, 49.42, 50.13, 49.30, 49.91, 7994730
10/11/19, 49.45, 49.79, 49.33, 49.42, 7516840
10/10/19, 48.91, 49.39, 48.49, 48.93, 9574122
10/09/19, 48.20, 49.055, 48.17, 48.68, 11489340
10/08/19, 48.26, 48.40, 47.60, 47.86, 13178350
10/07/19, 47.73, 48.145, 47.43, 47.95, 11410330
10/04/19, 47.03, 47.45, 46.78, 47.42, 5718513
10/03/19, 46.45, 47.14, 46.24, 47.13, 6209909
10/02/19, 46.71, 46.94, 46.33, 46.43, 5793629
10/01/19, 46.96, 47.8454, 46.96, 47.19, 11602860
09/30/19, 46.57, 46.74, 46.12, 46.48, 8476888
09/27/19, 46.00, 46.48, 45.19, 45.51, 9610481
09/26/19, 45.10, 46.51, 45.10, 46.46, 15880040
09/25/19, 44.20, 45.095, 44.00, 45.01, 6824277
09/24/19, 44.40, 44.55, 44.06, 44.12, 8028837
09/23/19, 44.18, 44.29, 43.85, 44.07, 5001199
09/20/19, 44.77, 44.90, 43.87, 43.87, 7397674
09/19/19, 44.80, 45.22, 44.7612, 44.90, 6624219
09/18/19, 45.17, 45.20, 44.61, 45.04, 4058572
09/17/19, 44.28, 45.15, 44.21, 45.13, 6142089
09/16/19, 44.53, 44.74, 44.49, 44.60, 3716348
09/13/19, 44.43, 44.83, 44.19, 44.74, 6231092
09/12/19, 44.29, 44.46, 43.93, 44.07, 6577939
09/11/19, 43.91, 44.27, 43.84, 44.22, 4016804
09/10/19, 43.60, 44.10, 43.36, 44.10, 5001631
09/09/19, 43.91, 44.08, 43.54, 43.85, 4677018
09/06/19, 44.00, 44.035, 43.69, 43.71, 4325317
09/05/19, 43.76, 44.51, 43.76, 44.24, 7701277
09/04/19, 42.61, 43.15, 42.39, 43.15, 4465601
09/03/19, 42.15, 42.16, 41.575, 41.72, 4748058
08/30/19, 42.71, 42.89, 42.36, 42.63, 5382157
08/29/19, 42.34, 42.565, 42.23, 42.28, 5171590
08/28/19, 41.32, 41.77, 41.05, 41.65, 3586256
08/27/19, 41.55, 41.675, 41.265, 41.35, 4192830
08/26/19, 41.37, 41.55, 41.13, 41.34, 5519272
08/23/19, 41.94, 42.15, 40.86, 40.95, 7526853
08/22/19, 42.39, 42.485, 41.725, 42.13, 3145644
08/21/19, 42.41, 42.635, 42.29, 42.58, 3914624
08/20/19, 42.00, 42.22, 41.715, 41.94, 7540304
08/19/19, 42.16, 42.21, 41.65, 41.78, 3797555
08/16/19, 41.18, 41.73, 41.15, 41.54, 4845662
08/15/19, 40.38, 40.99, 40.34, 40.86, 7690100
08/14/19, 40.85, 41.09, 40.25, 40.43, 9622124
08/13/19, 40.63, 41.99, 40.55, 41.84, 7834553
08/12/19, 41.05, 41.27, 40.85, 40.96, 3463479
08/09/19, 41.59, 41.71, 41.00, 41.41, 3480493
08/08/19, 41.85, 42.18, 41.75, 41.90, 7795872
08/07/19, 41.05, 41.45, 40.80, 41.26, 5484674
08/06/19, 41.18, 41.51, 40.89, 41.26, 8667763
08/05/19, 40.41, 40.515, 39.78, 39.87, 6668437
08/02/19, 41.15, 41.775, 41.005, 41.65, 9316972
08/01/19, 42.75, 43.39, 41.60, 41.87, 9662848
07/31/19, 43.03, 43.17, 42.05, 42.63, 7592285
07/30/19, 43.40, 43.40, 42.765, 43.11, 4938490
07/29/19, 43.52, 43.95, 43.40, 43.94, 4138649
07/26/19, 43.73, 43.89, 43.38, 43.46, 4398967
07/25/19, 44.21, 44.24, 43.62, 43.62, 6594076
07/24/19, 44.50, 44.63, 44.24, 44.54, 7130494
07/23/19, 44.54, 44.58, 44.235, 44.42, 6565784
07/22/19, 44.20, 44.88, 44.13, 44.60, 10035910
07/19/19, 43.08, 44.02, 43.07, 43.83, 11439130
07/18/19, 42.52, 43.23, 42.31, 43.19, 11262040
07/17/19, 41.68, 41.91, 41.52, 41.63, 5514566
07/16/19, 41.80, 41.95, 41.57, 41.77, 6529518
07/15/19, 41.75, 41.93, 41.66, 41.82, 5784301
07/12/19, 41.11, 41.27, 40.82, 41.23, 4695815
07/11/19, 41.14, 41.185, 40.83, 40.90, 6126560
07/10/19, 40.83, 41.14, 40.545, 40.71, 7944982
07/09/19, 39.65, 40.01, 39.42, 39.67, 6576968
07/08/19, 39.57, 39.69, 39.245, 39.32, 6772262
07/05/19, 39.865, 40.10, 39.635, 39.93, 3149470
07/03/19, 40.35, 40.37, 40.01, 40.33, 3125012
07/02/19, 41.19, 41.31, 40.74, 40.80, 4446016
07/01/19, 41.54, 41.90, 41.15, 41.38, 11085420
06/28/19, 39.73, 39.73, 39.12, 39.17, 7039976
06/27/19, 39.58, 39.76, 39.29, 39.59, 11375160
06/26/19, 39.38, 39.38, 38.98, 39.08, 9133326
06/25/19, 39.52, 39.52, 38.91, 38.92, 6790520
06/24/19, 39.56, 40.07, 39.435, 39.98, 6570962
06/21/19, 40.52, 40.695, 40.42, 40.52, 12766300
06/20/19, 40.45, 40.72, 40.135, 40.51, 10400420
06/19/19, 39.94, 39.96, 39.30, 39.40, 10217610
06/18/19, 38.27, 39.415, 38.22, 39.21, 12303210
06/17/19, 37.92, 38.05, 37.66, 37.66, 6500741
06/14/19, 38.63, 38.70, 37.83, 37.84, 11281550
06/13/19, 39.62, 39.62, 39.035, 39.45, 6646766
06/12/19, 40.00, 40.19, 39.45, 39.46, 6163222
06/11/19, 40.47, 40.60, 39.94, 39.96, 6100708
06/10/19, 39.49, 40.1266, 39.45, 39.62, 8351793
06/07/19, 38.74, 39.00, 38.56, 38.82, 4457237
06/06/19, 38.18, 38.59, 37.915, 38.44, 6233956
06/05/19, 39.24, 39.26, 38.10, 38.23, 8220145
06/04/19, 38.64, 39.10, 38.42, 39.06, 6985615
06/03/19, 38.96, 39.09, 38.66, 38.82, 9618285
05/31/19, 38.27, 38.97, 38.2497, 38.35, 9302893
05/30/19, 37.95, 38.3687, 37.84, 38.04, 7351714
05/29/19, 37.46, 37.75, 37.18, 37.69, 13042990
05/28/19, 38.13, 38.20, 37.65, 37.65, 12484720
05/24/19, 38.42, 38.74, 38.19, 38.20, 10540670
05/23/19, 37.98, 38.18, 37.41, 38.07, 14709110
05/22/19, 39.20, 39.39, 38.885, 38.90, 12217580
05/21/19, 39.15, 39.34, 38.66, 39.30, 11806400
05/20/19, 39.25, 39.30, 38.52, 38.66, 13979650
05/17/19, 40.39, 40.95, 40.09, 40.25, 11270980
05/16/19, 41.63, 41.64, 41.22, 41.53, 9214675
05/15/19, 41.55, 42.33, 41.46, 41.97, 5347893
05/14/19, 41.59, 42.08, 41.40, 41.97, 7107844
05/13/19, 41.37, 41.51, 40.735, 40.99, 11046000
05/10/19, 42.86, 43.09, 42.19, 42.83, 8314005
05/09/19, 42.92, 43.295, 42.28, 43.25, 11229560
05/08/19, 43.52, 44.00, 43.46, 43.70, 8112550
05/07/19, 43.83, 44.05, 43.29, 43.76, 10225160
05/06/19, 43.32, 43.82, 43.21, 43.76, 10756390
05/03/19, 44.93, 45.14, 44.5601, 44.71, 5479939
05/02/19, 43.86, 44.465, 43.75, 44.40, 10717290
05/01/19, 44.29, 44.555, 43.82, 43.82, 7319021
04/30/19, 43.40, 43.94, 43.255, 43.82, 11863890
04/29/19, 43.85, 43.92, 43.575, 43.83, 9272099
04/26/19, 43.65, 44.00, 43.32, 43.94, 12745000
04/25/19, 44.93, 45.04, 44.43, 44.48, 10149970
04/24/19, 45.08, 45.59, 44.94, 45.41, 10777150
04/23/19, 45.15, 45.42, 45.06, 45.42, 11437540
04/22/19, 44.79, 45.16, 44.59, 45.15, 10872420
04/18/19, 44.06, 45.64, 44.00, 45.40, 16569840
04/17/19, 43.90, 44.46, 43.86, 44.39, 15795720
04/16/19, 42.83, 43.08, 42.75, 43.01, 6639295
04/15/19, 42.58, 42.77, 42.46, 42.61, 5274352
04/12/19, 42.47, 42.65, 42.28, 42.58, 6555695
04/11/19, 42.09, 42.20, 41.945, 42.10, 5172154
04/10/19, 42.26, 42.50, 42.18, 42.37, 4040323
04/09/19, 42.24, 42.30, 42.025, 42.21, 5049921
04/08/19, 42.24, 42.485, 42.08, 42.39, 6830320
04/05/19, 42.34, 42.34, 42.055, 42.23, 4430552
04/04/19, 41.73, 42.18, 41.65, 42.04, 7610282
04/03/19, 41.60, 41.96, 41.51, 41.79, 6821111
04/02/19, 41.18, 41.36, 41.00, 41.27, 5580175
04/01/19, 41.075, 41.37, 40.745, 41.37, 6834247
03/29/19, 40.82, 41.045, 40.595, 40.96, 6116275
03/28/19, 40.24, 40.54, 40.20, 40.34, 6632731
03/27/19, 40.19, 40.26, 39.80, 40.20, 7660259
03/26/19, 40.11, 40.63, 40.07, 40.40, 5573519
03/25/19, 40.00, 40.46, 39.77, 39.92, 4901898
03/22/19, 40.84, 41.0188, 40.34, 40.43, 6759220
03/21/19, 40.25, 41.24, 40.22, 41.04, 6509703
03/20/19, 39.77, 40.15, 39.64, 39.85, 5394019
03/19/19, 39.98, 40.08, 39.60, 39.76, 8033561
03/18/19, 39.86, 39.98, 39.64, 39.85, 6290868
03/15/19, 39.41, 40.07, 39.41, 39.65, 8871307
03/14/19, 39.00, 39.05, 38.735, 38.82, 4935032
03/13/19, 39.22, 39.435, 39.02, 39.21, 6086456
03/12/19, 39.05, 39.17, 38.86, 38.90, 5580175
03/11/19, 38.23, 38.69, 38.20, 38.64, 6005422
03/08/19, 37.95, 38.38, 37.94, 38.20, 5066169
03/07/19, 38.77, 38.88, 38.37, 38.63, 4231307
03/06/19, 39.06, 39.22, 38.78, 38.79, 4433407
03/05/19, 38.95, 39.23, 38.66, 39.02, 7192605
03/04/19, 39.33, 39.33, 38.71, 39.15, 7081092
03/01/19, 39.36, 39.52, 39.195, 39.39, 5299224
02/28/19, 39.12, 39.29, 39.00, 39.05, 5705056
02/27/19, 39.51, 39.585, 39.06, 39.45, 8194927
02/26/19, 39.41, 39.665, 39.38, 39.60, 5587317
02/25/19, 39.87, 39.915, 39.475, 39.58, 5101495
02/22/19, 39.12, 39.41, 39.08, 39.39, 5117948
02/21/19, 39.07, 39.18, 38.80, 38.98, 4607292
02/20/19, 38.93, 39.51, 38.89, 39.00, 7178581
02/19/19, 38.22, 38.66, 38.105, 38.46, 8105692
02/15/19, 37.91, 38.28, 37.87, 38.09, 6257553
02/14/19, 37.92, 38.21, 37.76, 38.06, 7782795
02/13/19, 38.37, 38.48, 38.05, 38.13, 7155553
02/12/19, 38.64, 38.765, 38.435, 38.64, 8831206
02/11/19, 37.92, 38.29, 37.83, 38.29, 8860663
02/08/19, 37.71, 37.92, 37.50, 37.79, 7147158
02/07/19, 38.37, 38.46, 37.825, 38.12, 7916235
02/06/19, 38.42, 38.82, 38.31, 38.74, 8795506
02/05/19, 37.92, 38.27, 37.88, 38.25, 7314024
02/04/19, 37.50, 38.01, 37.38, 37.94, 7283766
02/01/19, 37.75, 37.87, 37.44, 37.57, 6438407
01/31/19, 37.31, 38.10, 37.31, 37.62, 7633398
01/30/19, 36.81, 37.45, 36.29, 37.38, 9281569
01/29/19, 37.29, 37.29, 36.30, 36.33, 10101050
01/28/19, 36.92, 37.66, 36.90, 37.44, 14086530
01/25/19, 38.00, 38.26, 37.88, 38.14, 16763721
01/24/19, 36.88, 37.64, 36.78, 37.64, 14094130
01/23/19, 36.53, 36.735, 36.24, 36.49, 13918780
01/22/19, 36.50, 36.76, 36.10, 36.37, 13381680
01/18/19, 36.24, 37.01, 36.16, 36.84, 12905930
01/17/19, 34.92, 36.55, 34.83, 36.29, 21917221
01/16/19, 35.90, 36.03, 35.64, 35.64, 8727353
01/15/19, 36.04, 36.23, 35.80, 36.04, 10165840
01/14/19, 36.13, 36.19, 35.72, 35.76, 6146255
01/11/19, 36.45, 36.77, 36.235, 36.61, 7232991
01/10/19, 35.46, 36.48, 35.40, 36.42, 7894616
01/09/19, 35.33, 35.96, 35.33, 35.61, 11770520
01/08/19, 35.11, 35.18, 34.64, 34.94, 11462600
01/07/19, 35.01, 35.47, 34.97, 35.23, 6850767
01/04/19, 34.46, 35.035, 34.2145, 34.97, 14178230
01/03/19, 35.34, 35.52, 34.271, 34.36, 15998010
01/02/19, 36.20, 36.75, 36.00, 36.52, 5273146
12/31/18, 37.43, 37.585, 36.77, 36.91, 4600602
12/28/18, 37.13, 37.68, 37.02, 37.14, 7368997
12/27/18, 36.20, 36.80, 35.955, 36.78, 8688645
12/26/18, 35.33, 36.77, 35.33, 36.76, 10063420
12/24/18, 35.56, 35.89, 35.27, 35.29, 6288545
12/21/18, 36.64, 36.93, 35.65, 35.71, 16981250
12/20/18, 36.41, 36.7456, 35.54, 35.88, 12540410
12/19/18, 36.62, 37.275, 36.10, 36.23, 11786470
12/18/18, 36.61, 37.00, 36.61, 36.76, 7100418
12/17/18, 36.63, 36.94, 36.115, 36.22, 10733260
12/14/18, 36.80, 37.11, 36.53, 36.53, 5969705
12/13/18, 37.49, 37.66, 37.19, 37.33, 5825943
12/12/18, 37.61, 37.70, 37.27, 37.38, 8405361
12/11/18, 37.24, 37.35, 36.3003, 36.70, 8635840
12/10/18, 36.31, 36.83, 36.078, 36.43, 12439160
12/07/18, 36.65, 36.935, 36.135, 36.52, 10802710
12/06/18, 35.70, 36.86, 35.61, 36.86, 12075830
12/04/18, 38.53, 38.78, 37.43, 37.44, 13321360
12/03/18, 38.82, 39.00, 38.38, 38.73, 7457597
11/30/18, 37.24, 37.60, 37.08, 37.59, 8734425
11/29/18, 37.95, 38.37, 37.87, 37.93, 7056653
11/28/18, 37.27, 38.02, 37.07, 38.01, 8380230
11/27/18, 36.39, 36.82, 36.39, 36.80, 6870309
11/26/18, 36.71, 36.885, 36.47, 36.84, 7077608
11/23/18, 35.83, 36.20, 35.75, 35.96, 2320492
11/21/18, 36.42, 36.72, 36.135, 36.17, 7013073
11/20/18, 35.40, 35.99, 35.22, 35.64, 11673470
11/19/18, 36.64, 36.68, 35.9635, 36.05, 15191680
11/16/18, 37.07, 37.20, 36.66, 36.87, 16382420
11/15/18, 38.07, 38.57, 37.89, 38.52, 10840370
11/14/18, 38.20, 38.34, 37.37, 37.84, 10404890
11/13/18, 37.39, 38.12, 37.24, 37.40, 15057120
11/12/18, 37.86, 37.92, 37.01, 37.06, 11666710
11/09/18, 38.09, 38.39, 37.81, 38.07, 5975376
11/08/18, 38.79, 39.06, 38.69, 38.70, 7953651
11/07/18, 39.29, 39.30, 38.72, 39.18, 6568768
11/06/18, 38.50, 38.85, 38.42, 38.73, 8578097
11/05/18, 38.72, 38.82, 38.31, 38.48, 8591862
11/02/18, 39.18, 39.485, 38.43, 38.78, 9736505
11/01/18, 38.78, 39.08, 38.39, 39.05, 14348580
10/31/18, 38.69, 38.99, 38.03, 38.10, 12610910
10/30/18, 36.84, 37.80, 36.67, 37.78, 12106390
10/29/18, 37.17, 37.41, 35.97, 36.33, 8269528
10/26/18, 36.55, 37.29, 36.14, 36.67, 11973230
10/25/18, 36.78, 37.55, 36.49, 37.39, 9927283
10/24/18, 37.56, 37.56, 36.43, 36.48, 13312720
10/23/18, 37.42, 38.18, 37.26, 38.00, 12349960
10/22/18, 39.19, 39.23, 38.54, 38.72, 8165672
10/19/18, 39.16, 39.32, 38.34, 38.45, 11266230
10/18/18, 39.80, 39.95, 38.455, 38.54, 9555582
10/17/18, 40.00, 40.09, 39.18, 39.57, 8173649
10/16/18, 39.84, 40.055, 39.40, 40.01, 10748150
10/15/18, 39.47, 39.59, 38.72, 38.75, 8208953
10/12/18, 40.14, 40.575, 39.19, 39.66, 7578911
10/11/18, 38.50, 39.60, 38.33, 38.94, 10209130
10/10/18, 40.35, 40.44, 39.35, 39.35, 12853510
10/09/18, 41.00, 41.30, 40.58, 40.90, 5679127
10/08/18, 40.76, 41.17, 40.40, 40.96, 7761763
10/05/18, 41.88, 42.07, 41.165, 41.63, 7921383
10/04/18, 43.07, 43.08, 41.97, 42.43, 7885146
10/03/18, 44.04, 44.24, 43.57, 43.96, 5631207
10/02/18, 43.749, 43.99, 43.45, 43.62, 5440303
10/01/18, 44.55, 44.96, 44.42, 44.66, 5029837
09/28/18, 44.50, 44.62, 43.97, 44.16, 7727678
09/27/18, 44.60, 45.23, 44.58, 44.76, 6712091
09/26/18, 44.25, 44.7335, 44.25, 44.27, 4564383
09/25/18, 44.80, 44.9081, 44.13, 44.17, 6678269
09/24/18, 43.84, 44.94, 43.79, 44.89, 8229157
09/21/18, 44.25, 44.405, 44.02, 44.06, 6668649
09/20/18, 44.25, 44.43, 43.90, 44.17, 4727951
09/19/18, 44.20, 44.385, 43.74, 44.02, 6393206
09/18/18, 43.50, 44.09, 43.35, 43.56, 8814246
09/17/18, 43.63, 44.14, 43.4687, 43.76, 6210327
09/14/18, 44.02, 44.56, 43.95, 44.41, 5295417
09/13/18, 43.99, 43.99, 43.27, 43.43, 9624463
09/12/18, 43.92, 44.30, 43.82, 43.94, 10303820
09/11/18, 43.64, 44.57, 43.575, 44.55, 12509670
09/10/18, 45.00, 45.06, 44.52, 44.62, 6824925
09/07/18, 44.00, 45.24, 43.98, 44.88, 14256080
09/06/18, 43.94, 44.07, 43.5802, 44.05, 10424880
09/05/18, 44.09, 44.57, 44.02, 44.22, 7262563
09/04/18, 43.26, 44.12, 43.19, 44.11, 8174946
08/31/18, 43.12, 43.61, 42.96, 43.60, 8782907
08/30/18, 44.35, 44.49, 43.41, 43.46, 7826396
08/29/18, 43.19, 44.38, 43.09, 44.13, 12278200
08/28/18, 42.39, 42.76, 42.25, 42.35, 10683520
08/27/18, 41.43, 41.71, 41.37, 41.53, 5733031
08/24/18, 40.93, 41.41, 40.83, 41.24, 4231971
08/23/18, 41.30, 41.35, 40.68, 40.68, 4126100
08/22/18, 40.85, 41.05, 40.54, 40.90, 5512712
08/21/18, 40.37, 41.035, 40.36, 40.89, 6075469
08/20/18, 40.02, 40.245, 39.90, 40.10, 4156825
08/17/18, 40.19, 40.215, 39.79, 40.13, 7897279
08/16/18, 40.45, 40.73, 40.37, 40.41, 5544010
08/15/18, 40.45, 40.55, 40.115, 40.45, 6052813
08/14/18, 41.00, 41.19, 40.87, 40.91, 5339319
08/13/18, 40.69, 40.99, 40.47, 40.71, 6708559
08/10/18, 41.30, 41.30, 40.79, 41.03, 7053201
08/09/18, 41.94, 41.945, 41.68, 41.84, 4513334
08/08/18, 41.56, 42.11, 41.45, 41.97, 5089555
08/07/18, 41.07, 41.25, 40.84, 41.24, 7494935
08/06/18, 41.20, 41.42, 40.995, 41.07, 7245800
08/03/18, 41.64, 41.95, 41.555, 41.69, 4575207
08/02/18, 41.10, 41.65, 41.00, 41.55, 4669358
08/01/18, 41.44, 41.73, 41.32, 41.71, 6115340
07/31/18, 41.26, 41.58, 41.09, 41.21, 4908316
07/30/18, 41.45, 41.52, 40.885, 41.09, 5174338
07/27/18, 40.94, 41.915, 40.94, 41.45, 9468457
07/26/18, 40.70, 40.94, 40.44, 40.82, 8476564
07/25/18, 40.53, 40.90, 40.31, 40.89, 7722415
07/24/18, 41.10, 41.21, 40.38, 40.39, 7018282
07/23/18, 40.82, 40.98, 40.63, 40.74, 6832856
07/20/18, 39.99, 40.85, 39.84, 40.73, 14481040
07/19/18, 39.44, 40.39, 38.6229, 39.81, 17762340
07/18/18, 38.04, 38.47, 37.875, 38.41, 10532160
07/17/18, 37.50, 38.12, 37.35, 38.04, 6238488
07/16/18, 37.88, 37.89, 37.645, 37.79, 5399217
07/13/18, 37.54, 37.80, 37.48, 37.77, 4947684
07/12/18, 37.33, 37.585, 37.195, 37.31, 5275251
07/11/18, 37.33, 37.35, 36.90, 36.97, 7316218
07/10/18, 37.47, 37.95, 37.47, 37.93, 7211545
07/09/18, 37.87, 38.035, 37.5738, 37.83, 7124209
07/06/18, 36.82, 37.35, 36.76, 37.27, 7260331
07/05/18, 36.40, 36.60, 36.24, 36.59, 9231130
07/03/18, 36.39, 36.61, 36.35, 36.39, 6512599
07/02/18, 36.21, 36.57, 36.04, 36.54, 7365505
06/29/18, 36.55, 36.77, 36.44, 36.56, 8091467
06/28/18, 35.50, 35.94, 35.35, 35.94, 7199048
06/27/18, 36.25, 36.32, 35.51, 35.51, 8798342
06/26/18, 36.33, 36.70, 36.11, 36.46, 8817159
06/25/18, 36.30, 36.56, 36.05, 36.51, 10528120
06/22/18, 38.27, 38.31, 37.97, 38.12, 10407380
06/21/18, 37.87, 38.01, 37.55, 37.62, 9246739
06/20/18, 38.34, 38.585, 38.01, 38.35, 8668618
06/19/18, 37.70, 37.97, 37.35, 37.56, 9848939
06/18/18, 38.31, 38.36, 37.84, 38.25, 8924151
06/15/18, 38.82, 38.94, 38.55, 38.69, 11235660
06/14/18, 39.03, 39.07, 38.60, 38.60, 7636002
06/13/18, 39.73, 39.885, 39.05, 39.05, 9616631
06/12/18, 39.13, 39.36, 38.975, 39.20, 6582572
06/11/18, 39.00, 39.145, 38.76, 38.76, 4511611
06/08/18, 39.16, 39.16, 38.52, 38.93, 8081251
06/07/18, 39.56, 39.94, 39.46, 39.52, 8216851
06/06/18, 39.85, 39.93, 39.56, 39.56, 9829721
06/05/18, 39.70, 39.86, 39.40, 39.54, 6345937
06/04/18, 39.85, 39.9951, 39.67, 39.97, 8927244
06/01/18, 38.99, 39.20, 38.8034, 39.20, 5969953
05/31/18, 38.33, 38.86, 38.29, 38.70, 8129402
05/30/18, 38.30, 38.40, 38.07, 38.34, 8413407
05/29/18, 38.49, 38.56, 38.025, 38.16, 7198184
05/25/18, 39.10, 39.49, 38.93, 39.30, 5403034
05/24/18, 39.37, 39.45, 38.78, 39.27, 7930841
05/23/18, 39.14, 39.65, 39.09, 39.65, 4815439
05/22/18, 39.47, 39.79, 39.45, 39.64, 5752013
05/21/18, 39.34, 39.70, 39.12, 39.47, 7902158
05/18/18, 38.47, 38.55, 38.28, 38.42, 7783854
05/17/18, 39.07, 39.24, 38.67, 38.96, 7964248
05/16/18, 39.40, 39.825, 39.275, 39.79, 7671542
05/15/18, 39.36, 39.40, 38.96, 39.30, 5622821
05/14/18, 40.13, 40.545, 39.88, 39.95, 5014043
05/11/18, 40.04, 40.18, 39.64, 39.91, 4184397
05/10/18, 39.57, 39.87, 39.435, 39.77, 7957866
05/09/18, 39.37, 39.46, 39.16, 39.35, 5861370
05/08/18, 38.98, 39.375, 38.94, 39.18, 8116627
05/07/18, 38.45, 38.65, 38.235, 38.45, 4590052
05/04/18, 38.00, 38.66, 37.94, 38.59, 9474019
05/03/18, 37.55, 38.185, 37.30, 38.10, 7021462
05/02/18, 38.60, 38.60, 37.65, 37.75, 11522180
05/01/18, 38.34, 38.94, 38.26, 38.93, 5506982
04/30/18, 38.69, 38.84, 38.375, 38.45, 7968006
04/27/18, 38.74, 38.74, 37.99, 38.17, 8276074
04/26/18, 38.08, 38.555, 38.08, 38.17, 7685776
04/25/18, 38.36, 38.49, 38.02, 38.17, 12359240
04/24/18, 39.04, 39.21, 38.30, 38.75, 13003960
04/23/18, 38.96, 39.08, 38.53, 38.75, 11178260
04/20/18, 39.37, 39.54, 38.82, 38.95, 15313270
04/19/18, 39.93, 40.08, 39.11, 39.53, 27526971
04/18/18, 42.10, 42.26, 41.21, 41.92, 8947352
04/17/18, 42.09, 42.36, 41.77, 42.31, 9831052
04/16/18, 42.81, 43.01, 42.68, 42.87, 5206940
04/13/18, 43.69, 43.74, 42.56, 42.65, 5749861
04/12/18, 43.33, 43.85, 43.05, 43.85, 7574742
04/11/18, 43.25, 43.79, 43.25, 43.38, 4788035
04/10/18, 43.87, 44.22, 43.025, 43.58, 5786914
04/09/18, 43.09, 44.04, 42.91, 43.07, 6696449
04/06/18, 42.88, 43.17, 42.26, 42.42, 5133141
04/05/18, 44.03, 44.23, 43.135, 43.32, 6115059
04/04/18, 42.37, 43.94, 42.35, 43.94, 5497422
04/03/18, 44.27, 44.28, 43.03, 43.48, 6174460
04/02/18, 43.34, 43.59, 42.42, 42.50, 6361231
03/29/18, 43.00, 43.92, 42.96, 43.76, 7758880
03/28/18, 42.98, 43.17, 42.435, 42.69, 8563120
03/27/18, 44.72, 44.84, 43.125, 43.29, 6994993
03/26/18, 43.81, 44.28, 43.18, 44.27, 5395299
03/23/18, 43.63, 43.73, 42.58, 42.58, 5923485
03/22/18, 44.10, 44.37, 43.69, 43.69, 6318484
03/21/18, 44.57, 44.845, 44.25, 44.70, 7036362
03/20/18, 44.70, 44.91, 44.52, 44.83, 6404225
03/19/18, 44.72, 44.87, 44.185, 44.60, 5116451
03/16/18, 45.00, 45.52, 44.93, 44.97, 8125628
03/15/18, 45.10, 45.65, 44.89, 45.31, 3942214
03/14/18, 45.43, 45.45, 44.825, 45.15, 4300486
03/13/18, 45.50, 45.75, 44.91, 44.99, 5842276
03/12/18, 44.79, 45.345, 44.75, 45.22, 5176080
03/09/18, 44.05, 44.60, 43.52, 44.59, 8336201
03/08/18, 44.30, 44.39, 43.59, 43.80, 7092396
03/07/18, 43.31, 44.2759, 43.18, 44.20, 4482853
03/06/18, 44.34, 44.40, 43.43, 43.54, 8632022
03/05/18, 43.05, 43.755, 42.87, 43.49, 5977197
03/02/18, 42.39, 43.045, 42.15, 43.01, 4819615
03/01/18, 43.35, 43.56, 42.31, 42.72, 7792448
02/28/18, 43.67, 43.91, 43.29, 43.35, 6400130
02/27/18, 44.05, 44.30, 43.605, 43.62, 5999145
02/26/18, 44.11, 44.41, 43.795, 44.41, 3897607
02/23/18, 43.39, 43.90, 43.11, 43.90, 7204907
02/22/18, 42.67, 42.74, 42.18, 42.39, 7983977
02/21/18, 43.66, 43.82, 42.87, 42.89, 6612592
02/20/18, 43.08, 44.16, 43.00, 43.74, 9291660
02/16/18, 43.35, 43.96, 43.31, 43.48, 4792140
02/15/18, 43.52, 43.75, 42.75, 43.52, 6116541
02/14/18, 42.17, 43.09, 41.92, 43.05, 6860094
02/13/18, 42.54, 42.66, 41.88, 42.38, 5831887
02/12/18, 42.03, 42.79, 41.96, 42.53, 6573345
02/09/18, 40.74, 41.675, 39.96, 41.47, 10588440
02/08/18, 42.11, 42.12, 40.36, 40.36, 11356010
02/07/18, 42.99, 42.99, 41.88, 41.88, 15239470
02/06/18, 42.27, 43.70, 42.10, 43.59, 13414080
02/05/18, 44.05, 44.81, 42.81, 42.95, 11748290
02/02/18, 45.01, 45.32, 44.45, 44.51, 12051830
02/01/18, 45.33, 45.93, 45.30, 45.45, 6706450
01/31/18, 45.43, 45.795, 45.12, 45.31, 6333308
01/30/18, 44.57, 45.03, 44.40, 44.88, 10224610
01/29/18, 45.47, 45.69, 45.195, 45.40, 11604440
01/26/18, 45.50, 45.74, 45.03, 45.72, 7057308
01/25/18, 45.71, 45.78, 45.04, 45.10, 7655744
01/24/18, 45.64, 45.67, 45.25, 45.33, 7400619
01/23/18, 46.48, 46.57, 46.06, 46.28, 5659918
01/22/18, 46.00, 46.40, 45.94, 46.38, 8335803
01/19/18, 45.07, 45.54, 44.58, 44.67, 6543691
01/18/18, 43.86, 44.85, 43.50, 44.57, 11866210
01/17/18, 42.66, 43.27, 42.50, 43.13, 7117676
01/16/18, 42.01, 42.345, 41.81, 42.23, 9081596
01/12/18, 41.04, 41.30, 40.76, 41.19, 5028042
01/11/18, 41.22, 41.40, 40.95, 41.03, 5701803
01/10/18, 41.35, 41.45, 40.72, 41.30, 7102744
01/09/18, 42.49, 42.50, 42.13, 42.18, 5729886
01/08/18, 42.40, 42.48, 42.19, 42.44, 3538166
01/05/18, 41.89, 42.57, 41.79, 42.46, 5330763
01/04/18, 41.92, 41.995, 41.45, 41.49, 4876605
01/03/18, 41.59, 41.81, 41.44, 41.71, 6963207
01/02/18, 40.51, 41.05, 40.42, 41.02, 4983999
12/29/17, 39.85, 40.22, 39.65, 39.65, 3870851
12/28/17, 39.51, 39.89, 39.40, 39.74, 4279525
12/27/17, 39.00, 39.11, 38.88, 39.08, 3092902
12/26/17, 39.31, 39.31, 38.81, 38.95, 2861466
12/22/17, 39.60, 39.63, 39.30, 39.63, 2523571
12/21/17, 39.56, 39.655, 39.20, 39.23, 3563137
12/20/17, 39.38, 39.61, 39.175, 39.44, 6330143
12/19/17, 39.21, 39.405, 39.12, 39.34, 4455244
12/18/17, 39.38, 39.47, 39.20, 39.40, 5746869
12/15/17, 39.40, 39.62, 39.25, 39.50, 7156382
12/14/17, 39.50, 39.65, 39.315, 39.40, 4737706
12/13/17, 39.47, 39.49, 39.22, 39.29, 4227133
12/12/17, 39.22, 39.375, 39.08, 39.30, 5488141
12/11/17, 39.19, 39.58, 39.18, 39.37, 5272454
12/08/17, 39.38, 39.55, 38.95, 39.00, 5071586
12/07/17, 38.75, 39.025, 38.61, 39.01, 11285390
12/06/17, 38.96, 39.09, 38.52, 38.68, 8622306
12/05/17, 39.20, 39.52, 38.93, 39.20, 4503993
12/04/17, 40.05, 40.13, 39.30, 39.39, 7108967
12/01/17, 39.95, 39.99, 39.00, 39.70, 7192236
11/30/17, 39.60, 39.74, 39.17, 39.60, 9357112
11/29/17, 40.88, 40.91, 39.24, 39.41, 11796090
11/28/17, 41.03, 41.22, 40.81, 40.93, 4864810
11/27/17, 41.67, 41.68, 41.06, 41.09, 8188431
11/24/17, 42.67, 43.02, 42.61, 42.99, 1499721
11/22/17, 42.59, 42.74, 42.29, 42.41, 2768619
11/21/17, 42.62, 42.87, 42.55, 42.58, 3668453
11/20/17, 42.07, 42.28, 41.96, 42.21, 4455289
11/17/17, 42.24, 42.42, 41.97, 42.07, 3701985
11/16/17, 41.75, 42.24, 41.75, 42.10, 3304473
11/15/17, 41.39, 41.65, 41.28, 41.54, 3417302
11/14/17, 41.78, 41.89, 41.51, 41.86, 2799385
11/13/17, 41.72, 42.01, 41.51, 42.01, 2221998
11/10/17, 41.79, 41.82, 41.59, 41.72, 5333896
11/09/17, 42.14, 42.22, 41.29, 41.64, 4680110
11/08/17, 42.42, 42.54, 42.205, 42.43, 2378442
11/07/17, 42.64, 42.7099, 42.26, 42.51, 2761604
11/06/17, 42.19, 42.48, 42.08, 42.43, 5650521
11/03/17, 41.90, 42.23, 41.59, 42.19, 6140948
11/02/17, 42.09, 42.24, 41.9499, 42.15, 3255811
11/01/17, 42.48, 42.50, 41.86, 42.10, 4235662
10/31/17, 42.18, 42.52, 42.10, 42.33, 3704526
10/30/17, 42.36, 42.66, 42.08, 42.13, 5200814
10/27/17, 41.48, 42.18, 41.42, 42.15, 4822846
10/26/17, 41.18, 41.34, 41.07, 41.20, 3651466
10/25/17, 41.30, 41.4075, 40.70, 41.16, 3360037
10/24/17, 41.26, 41.38, 40.97, 41.32, 4251596
10/23/17, 41.37, 41.48, 41.11, 41.21, 5092423
10/20/17, 41.02, 41.12, 40.83, 41.12, 5251571
10/19/17, 41.02, 41.29, 40.50, 41.07, 5710460
10/18/17, 41.40, 41.72, 40.93, 41.50, 6653232
10/17/17, 40.83, 41.25, 40.54, 41.25, 7582747
10/16/17, 40.88, 40.92, 40.65, 40.89, 2706993
10/13/17, 40.70, 40.86, 40.63, 40.82, 3913103
10/12/17, 40.49, 40.66, 40.32, 40.44, 5524109
10/11/17, 39.80, 40.39, 39.68, 40.35, 9015413
10/10/17, 39.11, 39.16, 38.815, 38.97, 4111991
10/09/17, 38.60, 38.81, 38.50, 38.77, 1964296
10/06/17, 38.41, 38.48, 38.205, 38.46, 3086863
10/05/17, 38.66, 38.85, 38.39, 38.46, 4456909
10/04/17, 38.25, 38.3399, 38.13, 38.27, 2717195
10/03/17, 38.36, 38.47, 38.25, 38.44, 3727057
10/02/17, 37.83, 38.18, 37.765, 38.13, 5096809