Open,Close,High,Low,Volume,Date
8.1625,8.16,8.235,8.11,,04/28/22
8.0275,8.155,8.2025,7.975,,04/27/22
8.0025,8.0325,8.1225,7.95,,04/26/22
7.9675,8.0025,8.02,7.8475,,04/25/22
7.9875,7.93,8.075,7.835,,04/22/22
8.14,7.9925,8.1425,7.975,,04/21/22
8.035,8.1575,8.165,7.9675,,04/20/22
8.1325,8.04,8.1975,7.9975,,04/19/22
7.91,8.1325,8.1675,7.9025,,04/18/22
7.835,7.9025,7.93,7.81,,04/14/22
7.75,7.835,7.8625,7.6725,,04/13/22
7.655,7.7625,7.79,7.65,,04/12/22
7.67,7.645,7.78,7.62,,04/11/22
7.57,7.6875,7.73,7.5275,,04/08/22
7.5575,7.5775,7.5925,7.485,,04/07/22
7.5975,7.565,7.615,7.5025,,04/06/22
7.5075,7.5975,7.68,7.4925,,04/05/22
7.37,7.505,7.5225,7.3475,,04/04/22
7.485,7.35,7.515,7.3025,,04/01/22
7.3925,7.4875,7.7,7.325,,03/31/22
7.27,7.38,7.4875,7.2675,,03/30/22
7.4625,7.2625,7.475,7.135,,03/29/22
7.49,7.485,7.5025,7.405,,03/28/22
7.485,7.54,7.5525,7.425,,03/25/22
7.57,7.4825,7.625,7.45,,03/24/22
7.5225,7.5775,7.705,7.49,,03/23/22
7.5675,7.53,7.61,7.44,,03/22/22
7.465,7.5625,7.65,7.43,,03/21/22
7.5375,7.4175,7.55,7.365,,03/18/22
7.3,7.545,7.575,7.285,,03/17/22
7.5675,7.3,7.57,7.2675,,03/16/22
0,7.58,7.59,7.36,,03/15/22
7.45,7.2825,7.52,7.255,,03/14/22
7.58,7.645,7.685,7.55,,03/11/22
7.385,7.5775,7.68,7.385,,03/10/22
7.5625,7.35,7.5725,7.34,,03/09/22
7.475,7.545,7.59,7.24,,03/08/22
7.8275,7.4925,7.8275,7.4275,,03/07/22
7.6175,7.565,8,7.41,,03/04/22
7.45,7.5125,7.785,7.45,,03/03/22
7.4175,7.39,7.6,7.23,,03/02/22
6.9975,7.3975,7.4425,6.9975,,03/01/22
6.88,6.975,7.0475,6.79,,02/28/22
6.9675,6.595,7.07,6.57,,02/25/22
6.835,6.95,7.1875,6.82,,02/24/22
6.74,6.8375,6.85,6.6925,,02/23/22
6.5775,6.7475,6.7675,6.5775,,02/22/22
6.485,6.5425,6.58,6.47,,02/18/22
6.455,6.5,6.52,6.4275,,02/17/22
6.3775,6.47,6.4775,6.3625,,02/16/22
6.55,6.38,6.555,6.355,,02/15/22
6.5125,6.5575,6.5675,6.425,,02/14/22
6.41,6.51,6.5775,6.3775,,02/11/22
6.46,6.4175,6.6275,6.3875,,02/10/22
6.3225,6.4675,6.4775,6.305,,02/09/22
6.365,6.3225,6.3675,6.2725,,02/08/22
6.2875,6.3525,6.3675,6.2475,,02/07/22
6.185,6.205,6.2325,6.1325,,02/04/22
6.225,6.1675,6.2425,6.1025,,02/03/22
6.345,6.225,6.4075,6.1675,,02/02/22
6.26,6.3475,6.395,6.245,,02/01/22
6.3575,6.26,6.425,6.225,,01/31/22
6.2325,6.36,6.3725,6.23,,01/28/22
6.25,6.2525,6.2775,6.2125,,01/27/22
6.19,6.27,6.2775,6.15,,01/26/22
6.2,6.2,6.31,6.185,,01/25/22
6.175,6.21,6.215,6.0925,,01/24/22
6.075,6.1625,6.185,6.0425,,01/21/22
6.09,6.11,6.1425,6.0625,,01/20/22
6,6.105,6.145,6,,01/19/22
5.9275,5.995,6.0075,5.8825,,01/18/22
5.875,5.9625,5.9825,5.8525,,01/14/22
5.99,5.875,5.9975,5.8525,,01/13/22
6.01,5.99,6.04,5.91,,01/12/22
5.9975,6.01,6.0475,5.98,,01/11/22
6.0525,5.9975,6.08,5.9625,,01/10/22
6.0525,6.0675,6.0825,5.99,,01/07/22
6.0125,6.0375,6.0575,5.96,,01/06/22
6.085,6.0225,6.0975,6.0125,,01/05/22
5.9175,6.095,6.1125,5.915,,01/04/22
5.99,5.8925,6.035,5.8475,,01/03/22
5.9575,5.9325,5.9925,5.925,,12/31/21
6.055,5.96,6.06,5.9275,,12/30/21
6.04,6.055,6.1075,5.995,,12/29/21
6.1425,6.0475,6.1775,6.0375,,12/28/21
6.0825,6.1475,6.155,6.07,,12/27/21
6.015,6.0575,6.07,6.005,,12/23/21
5.975,6.025,6.0675,5.97,,12/22/21
5.91,5.9825,5.99,5.895,,12/21/21
5.95,5.91,5.9575,5.87,,12/20/21
5.91,5.9325,5.9875,5.8925,,12/17/21
5.875,5.9125,5.92,5.845,,12/16/21
0,5.8575,5.965,5.82,,12/15/21
5.8325,5.8875,5.91,5.7675,,12/14/21
5.875,5.8425,5.88,5.8075,,12/13/21
5.885,5.885,5.92,5.85,,12/10/21
5.8575,5.885,5.9125,5.7675,,12/09/21
5.85,5.8475,5.89,5.84,,12/08/21
5.84,5.8625,5.895,5.795,,12/07/21
5.86,5.835,5.86,5.78,,12/06/21
5.7625,5.86,5.8875,5.7625,,12/03/21
5.7125,5.77,5.83,5.7,,12/02/21
5.68,5.72,5.76,5.67,,12/01/21
5.81,5.67,5.82,5.62,,11/30/21
5.86,5.81,5.8825,5.765,,11/29/21
5.715,5.8675,5.88,5.6675,,11/26/21
5.8025,5.7975,5.89,5.755,,11/24/21
5.7625,5.805,5.81,5.725,,11/23/21
5.705,5.7675,5.79,5.6975,,11/22/21
5.73,5.7075,5.76,5.68,,11/19/21
5.75,5.73,5.83,5.72,,11/18/21
5.7075,5.7525,5.84,5.7,,11/17/21
5.76,5.71,5.775,5.7,,11/16/21
5.7625,5.765,5.7875,5.6975,,11/15/21
5.6925,5.7725,5.82,5.6675,,11/12/21
5.6775,5.695,5.79,5.66,,11/11/21
5.555,5.6925,5.7175,5.55,,11/10/21
5.51,5.5475,5.64,5.4775,,11/09/21
5.52,5.515,5.5475,5.495,,11/08/21
5.6,5.53,5.6275,5.5225,,11/05/21
5.6375,5.5925,5.6975,5.565,,11/04/21
5.72,5.64,5.7325,5.63,,11/03/21
5.7825,5.73,5.86,5.72,,11/02/21
5.68,5.79,5.82,5.6525,,11/01/21
5.625,5.6825,5.6925,5.5875,,10/29/21
5.565,5.6275,5.6875,5.54,,10/28/21
5.425,5.5725,5.6325,5.395,,10/27/21
5.38,5.435,5.4725,5.33,,10/26/21
5.37,5.38,5.42,5.35,,10/25/21
5.33,5.38,5.4,5.32,,10/22/21
5.39,5.3225,5.4,5.3075,,10/21/21
5.3,5.3925,5.4,5.285,,10/20/21
5.32,5.3025,5.37,5.295,,10/19/21
5.2575,5.3275,5.3375,5.23,,10/18/21
5.1625,5.2575,5.285,5.1425,,10/15/21
5.1225,5.1675,5.1825,5.11,,10/14/21
5.23,5.1225,5.2525,5.0675,,10/13/21
5.3275,5.225,5.33,5.1925,,10/12/21
5.3,5.33,5.34,5.2875,,10/11/21
5.3325,5.305,5.3875,5.3,,10/08/21
5.3275,5.34,5.3525,5.275,,10/07/21
5.37,5.3225,5.4475,5.315,,10/06/21
5.4,5.375,5.43,5.3525,,10/05/21
5.4,5.4075,5.475,5.36,,10/04/21
5.3675,5.415,5.4525,5.32,,10/01/21
5.39,5.3675,5.485,5.2725,,09/30/21
5.335,5.39,5.41,5.335,,09/29/21
5.3875,5.325,5.4175,5.32,,09/28/21
5.2475,5.395,5.4,5.24,,09/27/21
5.285,5.2675,5.2875,5.24,,09/24/21
5.245,5.2925,5.31,5.2025,,09/23/21
5.17,5.255,5.2625,5.16,,09/22/21
5.22,5.17,5.2275,5.1275,,09/21/21
5.27,5.2175,5.27,5.1525,,09/20/21
5.29,5.2725,5.305,5.2175,,09/17/21
5.335,5.295,5.375,5.28,,09/16/21
0,5.335,5.345,0,,09/15/21
4.97,5.03,5.0225,4.97,,09/14/21
5.035,4.9675,5.035,4.93,,09/13/21
4.99,5.0275,5.05,4.8775,,09/10/21
4.985,4.96,5,4.945,,09/09/21
4.975,4.9825,5.04,4.95,,09/08/21
5.09,4.9575,5.09,4.96,,09/07/21
5.1675,5.08,5.1825,5.0675,,09/03/21
5.155,5.1625,5.21,5.1,,09/02/21
5.34,5.155,5.35,5.1425,,09/01/21
5.4,5.34,5.42,5.24,,08/31/21
5.5725,5.4025,5.6,5.315,,08/30/21
5.53,5.58,5.5875,5.4875,,08/27/21
5.5,5.5275,5.5575,5.48,,08/26/21
5.445,5.5125,5.55,5.4125,,08/25/21
5.395,5.445,5.465,5.37,,08/24/21
5.36,5.38,5.4425,5.315,,08/23/21
5.5025,5.3875,5.5425,5.3325,,08/20/21
5.605,5.5,5.605,5.4675,,08/19/21
5.59,5.6175,5.635,5.565,,08/18/21
5.675,5.5825,5.695,5.5625,,08/17/21
5.6825,5.6475,5.72,5.61,,08/16/21
5.6675,5.6825,5.75,5.59,,08/13/21
5.5475,5.67,5.895,5.485,,08/12/21
5.4875,5.5625,5.585,5.4825,,08/11/21
5.485,5.4925,5.5025,5.44,,08/10/21
5.54,5.5025,5.56,5.47,,08/09/21
5.55,5.55,5.605,5.4875,,08/06/21
5.4675,5.5575,5.6075,5.4575,,08/05/21
5.505,5.4575,5.5525,5.4025,,08/04/21
5.5575,5.505,5.635,5.4675,,08/03/21
5.4725,5.5875,5.5925,5.4025,,08/02/21
5.57,5.47,5.5775,5.465,,07/30/21
5.4925,5.58,5.59,5.465,,07/29/21
5.54,5.4925,5.5425,5.45,,07/28/21
5.54,5.4875,5.64,5.4425,,07/27/21
5.45,5.4975,0,5.3675,,07/26/21
5.6475,5.4725,5.6925,5.445,,07/23/21
5.715,5.645,5.7175,5.55,,07/22/21
5.72,5.7175,5.79,5.6775,,07/21/21
5.58,5.7175,5.7625,5.5725,,07/20/21
5.7,5.56,5.715,5.4875,,07/19/21
5.64,5.56,5.705,5.5325,,07/16/21
0,5.6425,0,5.61,,07/15/21
6.82,6.83,6.87,6.82,,07/14/21
6.695,6.77,7.505,6.64,,07/13/21
6.2975,6.6925,6.66,6.195,,07/12/21
6.4075,6.2975,6.435,6.2,,07/09/21
6.575,6.38,6.595,6.36,,07/08/21
6.56,6.525,6.66,6.45,,07/07/21
6.8525,6.56,6.8525,6.455,,07/06/21
7.2,6.9725,7.27,6.83,,07/02/21
7.1975,7.1975,7.445,7.1225,,07/01/21
6.94,7.2,7.4325,6.755,,06/30/21
6.7825,6.945,7,6.68,,06/29/21
6.3775,6.7525,6.765,6.3675,,06/28/21
6.5325,6.365,6.595,6.34,,06/25/21
6.64,6.5325,6.64,6.5075,,06/24/21
6.605,6.6425,6.6625,6.5925,,06/23/21
6.6275,6.5975,6.68,6.5375,,06/22/21
6.4025,6.5925,6.65,6.36,,06/21/21
6.31,6.5525,6.635,6.295,,06/18/21
6.7275,6.33,6.7425,6.33,,06/17/21
6.7,6.73,6.8775,6.6375,,06/16/21
6.6275,6.675,6.685,6.4675,,06/15/21
6.7575,6.5925,6.7625,6.53,,06/14/21
6.995,6.845,7.03,6.73,,06/11/21
6.91,6.99,7.175,6.8775,,06/10/21
6.825,6.9075,6.955,6.695,,06/09/21
6.82,6.8,6.98,6.775,,06/08/21
6.95,6.7925,7.0625,6.745,,06/07/21
6.635,6.8275,6.8575,6.6075,,06/04/21
6.755,6.62,6.85,6.5275,,06/03/21
6.8325,6.75,6.9425,6.66,,06/02/21
6.66,6.8875,6.9675,6.6075,,06/01/21
6.6625,6.5675,6.7275,6.5125,,05/28/21
6.26,6.645,6.645,6.2125,,05/27/21
6.21,6.245,6.29,6.0275,,05/26/21
6.6,6.2025,6.6175,6.1725,,05/25/21
6.5225,6.5725,6.585,6.455,,05/24/21
6.6475,6.595,6.6675,6.535,,05/21/21
6.6225,6.645,6.7125,6.565,,05/20/21
6.605,6.5825,6.63,6.37,,05/19/21
6.535,6.5825,6.695,6.525,,05/18/21
6.4225,6.525,6.5675,6.33,,05/17/21
7.1725,6.4375,7.1875,6.85,,05/14/21
7.575,7.19,7.69,7.175,,05/13/21
7.6425,7.575,7.6925,7.5,,05/12/21
7.4725,7.595,7.715,7.4725,,05/11/21
7.6675,7.48,7.705,7.4475,,05/10/21
7.6325,7.7275,7.75,7.55,,05/07/21
7.61,7.595,7.68,7.4625,,05/06/21
7.5,7.5325,7.56,7.4075,,05/05/21
7.32,7.4475,7.5825,7.3,,05/04/21
7.4,7.3225,7.5825,7.24,,05/03/21
7.025,7.4,7.4625,6.9925,,04/30/21
6.8375,7.02,7.045,6.81,,04/29/21
6.9775,6.8625,7.205,6.7625,,04/28/21
6.885,6.955,7.205,6.805,,04/27/21
6.61,6.805,6.805,6.61,,04/26/21
6.53,6.555,6.585,6.3825,,04/23/21
6.2425,6.505,6.505,6.235,,04/22/21
6.095,6.255,6.285,6.045,,04/21/21
5.93,6.065,6.1175,5.9275,,04/20/21
5.8875,5.92,5.9675,5.8825,,04/19/21
5.905,5.855,5.9475,5.8325,,04/16/21
5.9425,5.9,6.015,5.8775,,04/15/21
5.7975,5.94,5.9775,5.7875,,04/14/21
5.69,5.8,5.845,5.655,,04/13/21
5.7775,5.69,5.86,5.6725,,04/12/21
5.79,5.7725,5.95,5.755,,04/09/21
5.6075,5.7975,5.83,5.5925,,04/08/21
5.5575,5.605,5.6225,5.5375,,04/07/21
5.5375,5.5425,5.615,5.5225,,04/06/21
5.6125,5.5325,5.645,5.4975,,04/05/21
0,5.5975,0,0,,04/02/21
5.75,5.5975,5.85,5.565,,04/01/21
5.3825,5.6425,5.6425,5.3625,,03/31/21
5.4625,5.3925,5.475,5.3375,,03/30/21
5.5175,5.4675,5.52,5.4225,,03/29/21
5.465,5.525,5.54,5.44,,03/26/21
5.5225,5.465,5.525,5.415,,03/25/21
5.51,5.5325,5.5375,5.4825,,03/24/21
5.5125,5.5125,5.56,5.4775,,03/23/21
5.58,5.49,5.5875,5.4675,,03/22/21
5.4625,5.5775,5.59,5.455,,03/19/21
5.5675,5.465,5.58,5.4525,,03/18/21
5.54,5.58,5.585,5.52,,03/17/21
5.495,5.5425,5.555,5.4675,,03/16/21
5.37,5.495,5.5075,5.3275,,03/15/21
5.45,5.4925,5.515,5.445,,03/12/21
5.47,5.55,5.5625,5.47,,03/11/21
5.645,5.4775,5.645,5.475,,03/10/21
5.65,5.62,5.65,5.5425,,03/09/21
5.6525,5.65,5.7125,5.57,,03/08/21
5.45,5.62,5.6475,5.445,,03/05/21
5.5025,5.4625,5.5425,5.46,,03/04/21
5.6,5.5025,5.6,5.48,,03/03/21
5.4725,5.6075,5.64,5.42,,03/02/21
5.605,5.475,5.625,5.47,,03/01/21
5.545,5.555,5.565,5.4625,,02/26/21
5.59,5.5475,5.605,5.425,,02/25/21
5.535,5.5925,5.6075,5.52,,02/24/21
5.5075,5.5375,5.595,5.5,,02/23/21
5.4425,5.51,5.515,5.435,,02/22/21
5.4925,5.4275,5.555,5.4075,,02/19/21
5.5275,5.5025,5.545,5.48,,02/18/21
5.52,5.53,5.5475,5.475,,02/17/21
5.47,5.5225,5.5275,5.385,,02/16/21
5.41,5.3875,5.4625,5.3675,,02/12/21
5.3225,5.41,5.465,5.2475,,02/11/21
5.56,5.345,5.5625,5.3175,,02/10/21
5.65,5.5625,5.7425,5.45,,02/09/21
5.4875,5.6375,5.6575,5.4875,,02/08/21
5.485,5.485,5.5225,5.455,,02/05/21
5.52,5.5,5.58,5.47,,02/04/21
5.4325,5.52,5.525,5.365,,02/03/21
5.4975,5.43,5.525,5.4025,,02/02/21
5.49,5.4925,5.5575,5.39,,02/01/21
5.345,5.47,5.5375,5.3325,,01/29/21
5.3325,5.345,5.505,5.29,,01/28/21
5.325,5.34,5.4375,5.295,,01/27/21
5.13,5.3225,5.3425,5.08,,01/26/21
5,5.115,5.155,4.925,,01/25/21
5.225,5.005,5.2275,4.9925,,01/22/21
5.21,5.2425,5.315,5.1925,,01/21/21
5.25,5.22,5.265,5.1275,,01/20/21
5.315,5.26,5.3425,5.2325,,01/19/21
5.34,5.315,5.365,5.2775,,01/15/21
5.23,5.3425,5.365,5.19,,01/14/21
5.24,5.245,5.415,5.2225,,01/13/21
4.915,5.1725,5.1725,4.8925,,01/12/21
4.965,4.9225,5.005,4.9025,,01/11/21
4.94,4.9625,4.995,4.925,,01/08/21
4.95,4.94,4.96,4.8725,,01/07/21
4.925,4.95,5.0275,4.915,,01/06/21
4.845,4.9175,4.96,4.825,,01/05/21
4.8725,4.8375,4.9775,4.795,,01/04/21
4.74,4.84,4.8575,4.73,,12/31/20
4.66,4.745,4.76,4.62,,12/30/20
4.5575,4.66,4.6725,4.535,,12/29/20
4.52,4.565,4.575,4.48,,12/28/20
4.4675,4.51,4.515,4.465,,12/24/20
4.4275,4.4725,4.4975,4.415,,12/23/20
4.4,4.435,4.4425,4.3725,,12/22/20
4.38,4.4,4.4075,4.3025,,12/21/20
4.3225,4.375,4.385,4.32,,12/18/20
4.2625,4.325,4.33,4.2425,,12/17/20
4.2525,4.2725,4.2925,4.2375,,12/16/20
0,4.2475,4.2525,4.205,,12/15/20
4.2475,4.1925,4.2975,4.22,,12/14/20
4.22,4.2425,4.245,4.175,,12/11/20
4.22,4.2025,4.2575,4.2,,12/10/20
4.18,4.22,4.2225,4.18,,12/09/20
4.1875,4.17,4.19,4.155,,12/08/20
4.1525,4.195,4.21,4.12,,12/07/20
4.2225,4.17,4.2275,4.1575,,12/04/20
4.1925,4.225,4.2325,4.1775,,12/03/20
4.145,4.19,4.1975,4.09,,12/02/20
4.2,4.1475,4.23,4.14,,12/01/20
4.275,4.1975,4.305,4.1825,,11/30/20
4.2025,4.255,4.2625,4.185,,11/27/20
4.26,4.2,4.275,4.2,,11/25/20
4.2575,4.2575,4.265,4.165,,11/24/20
4.275,4.265,4.2975,4.235,,11/23/20
4.2225,4.2325,4.28,4.215,,11/20/20
4.245,4.225,4.255,4.1875,,11/19/20
4.19,4.2575,4.285,4.185,,11/18/20
4.175,4.2025,4.22,4.1725,,11/17/20
4.09,4.1625,4.1675,4.09,,11/16/20
4.075,4.105,4.1325,4.0375,,11/13/20
4.1725,4.0825,4.185,4.0625,,11/12/20
4.225,4.1725,4.28,4.1625,,11/11/20
4.07,4.23,4.2725,4.0625,,11/10/20
4.0575,4.075,4.1,4.0175,,11/09/20
4.09,4.0675,4.12,4.0575,,11/06/20
4.05,4.0925,4.1725,4.04,,11/05/20
4,4.0525,4.06,3.965,,11/04/20
3.9625,4.01,4.0325,3.9525,,11/03/20
3.96,3.975,3.9775,3.93,,11/02/20
3.9725,3.985,4,3.9425,,10/30/20
4.01,3.985,4.0425,3.93,,10/29/20
4.15,4.015,4.1525,4.005,,10/28/20
4.1675,4.16,4.2225,4.155,,10/27/20
4.1875,4.1775,0,4.1275,,10/26/20
4.1925,4.1875,4.1975,4.17,,10/25/20
4.15,4.1925,4.2,4.14,,10/23/20
4.1375,4.1625,4.19,4.1075,,10/22/20
4.0825,4.1375,4.1525,4.0775,,10/21/20
4.0425,4.0875,4.0975,4.035,,10/20/20
4.0175,4.0525,4.0675,4.0075,,10/19/20
4.0325,4.02,4.09,4.0175,,10/16/20
3.96,4.0375,4.0425,3.935,,10/15/20
3.91,3.965,3.975,3.88,,10/14/20
3.89,3.9125,3.9275,3.88,,10/13/20
3.955,3.89,3.9925,3.8725,,10/12/20
3.87,3.95,3.9825,3.865,,10/09/20
3.89,3.87,3.945,3.865,,10/08/20
3.845,3.8875,3.92,3.84,,10/07/20
3.785,3.85,3.8925,3.785,,10/06/20
3.7875,3.795,3.825,3.7775,,10/05/20
3.815,3.7975,3.8325,3.7725,,10/02/20
3.79,3.8275,3.855,3.78,,10/01/20
3.6425,3.79,3.8275,3.62,,09/30/20
3.6675,3.6475,3.6775,3.61,,09/29/20
3.6425,3.6675,3.6975,3.605,,09/28/20
3.6325,3.6525,3.675,3.63,,09/25/20
3.68,3.635,3.6825,3.63,,09/24/20
3.6825,3.685,3.7025,3.6575,,09/23/20
3.6975,3.6925,3.7325,3.6575,,09/22/20
3.775,3.6975,3.7825,3.6825,,09/21/20
3.7425,3.785,3.7925,3.7325,,09/18/20
3.715,3.7525,3.7725,3.68,,09/17/20
3.655,3.7175,3.72,3.6175,,09/16/20
0,3.66,0,3.6525,,09/15/20
3.6675,3.575,3.6675,3.59,,09/14/20
3.555,3.65,3.66,3.555,,09/11/20
3.4975,3.5725,3.5775,3.4975,,09/10/20
3.4975,3.5,3.5125,3.485,,09/09/20
3.48,3.51,3.53,3.46,,09/08/20
3.44,3.4725,3.49,3.435,,09/04/20
3.4975,3.445,3.5,3.4375,,09/03/20
3.4925,3.4975,3.505,3.4525,,09/02/20
3.4775,3.495,3.5,3.4325,,09/01/20
3.4875,3.485,3.53,3.46,,08/31/20
3.4325,3.46,3.4775,3.4075,,08/28/20
3.4,3.4425,3.4475,3.39,,08/27/20
3.4025,3.405,3.4125,3.3725,,08/26/20
3.35,3.4075,3.415,3.3475,,08/25/20
3.28,3.3175,3.325,3.275,,08/24/20
3.2475,3.27,3.2775,3.2425,,08/21/20
3.2425,3.245,3.2575,3.2075,,08/20/20
3.26,3.25,3.2725,3.235,,08/19/20
3.3,3.27,3.32,3.2575,,08/18/20
3.27,3.31,3.31,3.265,,08/17/20
3.245,3.245,3.2525,3.215,,08/14/20
3.15,3.2525,3.275,3.1475,,08/13/20
3.1125,3.145,3.15,3.08,,08/12/20
3.1125,3.115,3.15,3.1025,,08/11/20
3.075,3.105,3.1175,3.075,,08/10/20
3.11,3.0775,3.1175,3.0725,,08/07/20
3.105,3.1125,3.1275,3.095,,08/06/20
3.09,3.11,3.1125,3.09,,08/05/20
3.165,3.0825,3.1675,3.0825,,08/04/20
3.15,3.175,3.1825,3.15,,08/03/20
3.1575,3.16,3.175,3.145,,07/31/20
3.155,3.1575,3.1925,3.1525,,07/30/20
3.2,3.155,3.215,3.1525,,07/29/20
3.23,3.2,3.235,3.2,,07/28/20
3.2525,3.25,3.275,3.2325,,07/27/20
3.28,3.2625,3.2975,3.255,,07/24/20
3.2725,3.28,3.295,3.25,,07/23/20
3.23,3.275,3.28,3.2225,,07/22/20
3.2775,3.2275,3.2775,3.22,,07/21/20
3.33,3.2825,3.335,3.26,,07/20/20
3.3025,3.33,3.3475,3.3025,,07/17/20
3.26,3.3025,3.3325,3.26,,07/16/20
0,3.2625,3.2875,3.2275,,07/15/20
3.34,3.3475,3.365,3.245,,07/14/20
3.3725,3.34,3.3725,3.32,,07/13/20
3.5025,3.405,3.52,3.4,,07/10/20
3.49,3.5125,3.565,3.4825,,07/09/20
3.435,3.4825,3.485,3.41,,07/08/20
3.475,3.45,3.475,3.4175,,07/07/20
3.4825,3.465,3.49,3.4525,,07/06/20
3.475,3.425,3.5025,3.4225,,07/02/20
3.385,3.4825,3.5125,3.375,,07/01/20
3.2525,3.385,3.42,3.2375,,06/30/20
3.1675,3.2625,3.265,3.16,,06/29/20
3.17,3.17,3.1975,3.135,,06/26/20
3.235,3.1725,3.2425,3.15,,06/25/20
3.245,3.2425,3.29,3.2375,,06/24/20
3.275,3.25,3.275,3.2125,,06/23/20
3.32,3.2825,3.3225,3.28,,06/22/20
3.2975,3.325,3.3375,3.275,,06/19/20
3.2975,3.31,3.3375,3.2875,,06/18/20
3.28,3.3025,3.3125,3.25,,06/17/20
3.3175,3.29,3.345,3.28,,06/16/20
3.2925,3.2925,3.3,3.255,,06/15/20
3.295,3.3,3.33,3.2825,,06/12/20
3.26,3.2975,3.31,3.2525,,06/11/20
3.2725,3.2625,3.28,3.2425,,06/10/20
3.3225,3.275,3.34,3.2675,,06/09/20
3.335,3.3375,3.3475,3.31,,06/08/20
3.2875,3.3125,3.325,3.2825,,06/05/20
3.2425,3.29,3.295,3.24,,06/04/20
3.2425,3.24,3.245,3.2125,,06/03/20
3.235,3.2425,3.2525,3.22,,06/02/20
3.255,3.2325,3.2775,3.1925,,06/01/20
3.275,3.2575,3.295,3.2325,,05/29/20
3.2025,3.275,3.3075,3.195,,05/28/20
3.2,3.205,3.2175,3.1925,,05/27/20
3.1675,3.19,3.23,3.165,,05/26/20
3.1775,3.18,3.19,3.16,,05/22/20
3.19,3.1775,3.2025,3.1625,,05/21/20
3.2125,3.195,3.215,3.1725,,05/20/20
3.2075,3.2125,3.255,3.205,,05/19/20
3.2,3.2075,3.22,3.18,,05/18/20
0,3.1925,3.205,0,,05/15/20
0,3.2025,0,0,,05/14/20
3.235,3.2025,3.235,3.2,,05/13/20
3.1875,3.2375,3.245,3.1275,,05/12/20
3.2,3.185,3.2225,3.18,,05/11/20
3.1775,3.19,3.2175,3.175,,05/08/20
3.135,3.16,3.18,3.1325,,05/07/20
3.15,3.1175,3.15,3.11,,05/06/20
3.105,3.13,3.1475,3.105,,05/05/20
3.095,3.1075,3.1,3.055,,05/04/20
3.11,3.115,3.115,3.08,,05/01/20
3.0525,3.115,3.13,3.035,,04/30/20
3.0275,3.045,3.0875,3.0025,,04/29/20
3.05,3.0275,3.085,3.0125,,04/28/20
3.15,3.055,3.1575,3.0425,,04/27/20
3.1925,3.1575,3.2075,3.12,,04/24/20
3.17,3.1925,3.235,3.15,,04/23/20
3.1,3.175,3.2025,3.0825,,04/22/20
3.1425,3.0925,3.1625,3.01,,04/21/20
3.225,3.1425,3.2325,3.135,,04/20/20
3.1975,3.2225,3.255,3.195,,04/17/20
3.1875,3.1975,3.23,3.1775,,04/16/20
3.26,3.1925,3.2675,3.175,,04/15/20
3.3125,3.26,3.32,3.2575,,04/14/20
3.3225,3.315,3.34,3.265,,04/13/20
3.3075,3.3175,3.335,3.28,,04/09/20
3.32,3.3,3.34,3.2825,,04/08/20
3.28,3.315,3.355,3.28,,04/07/20
3.2975,3.2775,3.3175,3.255,,04/06/20
3.345,3.3075,3.385,3.28,,04/03/20
3.35,3.335,3.4325,3.33,,04/02/20
3.4125,3.3475,3.4275,3.335,,04/01/20
3.4175,3.4075,3.4475,3.335,,03/31/20
3.43,3.4125,3.4675,3.4,,03/30/20
3.485,3.46,3.5,3.425,,03/27/20
3.4825,3.4875,3.4925,3.4375,,03/26/20
3.475,3.485,3.5275,3.4575,,03/25/20
3.435,3.4725,3.505,3.38,,03/24/20
3.4025,3.435,3.455,3.3825,,03/23/20
3.465,3.4375,3.5675,3.4225,,03/20/20
3.365,3.455,3.5475,3.365,,03/19/20
3.44,3.3525,3.4525,3.32,,03/18/20
3.5525,3.44,3.5675,3.4275,,03/17/20
3.625,3.5475,3.6775,3.54,,03/16/20
3.7,3.7075,3.755,3.7,,03/13/20
3.775,3.6975,3.775,3.67,,03/12/20
3.8025,3.7925,3.805,3.77,,03/11/20
3.79,3.8,3.815,3.775,,03/10/20
3.72,3.7425,3.775,3.685,,03/09/20
3.8375,3.7725,3.855,3.77,,03/06/20
3.875,3.845,3.875,3.82,,03/05/20
3.82,3.87,3.885,3.8,,03/04/20
3.7575,3.8175,3.8375,3.7575,,03/03/20
3.665,3.7475,3.7575,3.66,,03/02/20
3.645,3.665,3.6725,3.6275,,02/28/20
3.6975,3.645,3.7,3.6175,,02/27/20
3.72,3.705,3.74,3.6825,,02/26/20
3.73,3.725,3.7475,3.7125,,02/25/20
3.7625,3.7225,3.7625,3.7,,02/24/20
3.7825,3.77,3.805,3.7625,,02/21/20
3.8075,3.785,3.8125,3.78,,02/20/20
3.8225,3.805,3.8275,3.785,,02/19/20
3.785,3.83,3.8325,3.78,,02/18/20
3.795,3.7775,3.815,3.7625,,02/14/20
3.8225,3.795,3.8275,3.79,,02/13/20
3.7975,3.83,3.8375,3.7825,,02/12/20
3.81,3.7975,3.82,3.78,,02/11/20
3.8325,3.8175,3.835,3.79,,02/10/20
3.8025,3.835,3.85,3.8,,02/07/20
3.8025,3.7925,3.8175,3.76,,02/06/20
3.815,3.8075,3.8325,3.795,,02/05/20
3.7825,3.8225,3.835,3.7825,,02/04/20
3.805,3.7875,3.82,3.765,,02/03/20
3.815,3.8125,3.8275,3.7875,,01/31/20
3.845,3.795,3.85,3.785,,01/30/20
3.855,3.8425,3.8825,3.8275,,01/29/20
3.825,3.865,3.87,3.785,,01/28/20
3.8425,3.805,3.8475,3.7725,,01/27/20
3.9325,3.8725,3.9325,3.865,,01/24/20
3.885,3.9375,3.94,3.875,,01/23/20
3.875,3.8875,3.91,3.8675,,01/22/20
3.89,3.875,3.8925,3.8425,,01/21/20
3.77,3.8925,3.895,3.7675,,01/17/20
3.8725,3.755,3.8775,3.7525,,01/16/20
3.8875,3.875,3.9025,3.865,,01/15/20
3.8925,3.89,3.905,3.8825,,01/14/20
3.865,3.895,3.895,3.855,,01/13/20
3.8325,3.8575,3.8675,3.765,,01/10/20
3.8375,3.8325,3.87,3.8225,,01/09/20
3.84,3.8425,3.855,3.8225,,01/08/20
3.85,3.845,3.8575,3.835,,01/07/20
3.8625,3.8475,3.8775,3.8275,,01/06/20
3.915,3.865,3.92,3.855,,01/03/20
3.8775,3.915,3.92,3.8725,,01/02/20
3.8825,3.8775,3.8975,3.8625,,12/31/19
3.8925,3.8825,3.92,3.8675,,12/30/19
3.88,3.9,3.91,3.88,,12/27/19
3.88,3.885,3.89,3.865,,12/26/19
3.885,3.875,3.89,3.87,,12/24/19
3.88,3.8875,3.9025,3.8725,,12/23/19
3.865,3.8775,3.895,3.86,,12/20/19
3.87,3.865,3.89,3.85,,12/19/19
3.8925,3.87,3.9,3.8575,,12/18/19
3.875,3.9,3.905,3.8625,,12/17/19
3.835,3.88,3.895,3.8325,,12/16/19
3.7375,3.6625,3.745,3.6625,,12/13/19
3.5825,3.67,3.6875,3.5825,,12/12/19
3.63,3.5775,3.63,3.57,,12/11/19
3.6575,3.6325,3.67,3.625,,12/10/19
3.665,3.6575,3.68,3.65,,12/09/19
3.6475,3.665,3.6875,3.6475,,12/06/19
3.685,3.655,3.6975,3.6525,,12/05/19
3.7175,3.6875,3.735,3.6775,,12/04/19
3.7375,3.72,3.76,3.715,,12/03/19
3.7175,3.735,3.755,3.71,,12/02/19
3.6575,3.7125,3.7225,3.65,,11/29/19
3.6725,3.6275,3.6875,3.6225,,11/27/19
3.6975,3.675,3.705,3.67,,11/26/19
3.6875,3.705,3.7275,3.6825,,11/25/19
3.68,3.6875,3.7025,3.675,,11/22/19
3.6675,3.685,3.6975,3.6625,,11/21/19
3.6975,3.6675,3.705,3.6575,,11/20/19
3.6775,3.7,3.73,3.6775,,11/19/19
3.71,3.6775,3.7175,3.675,,11/18/19
3.755,3.7125,3.765,3.7075,,11/15/19
3.7525,3.7575,3.775,3.745,,11/14/19
3.77,3.7525,3.7775,3.75,,11/13/19
3.745,3.7775,3.78,3.7275,,11/12/19
3.735,3.7325,3.745,3.7325,,11/11/19
3.76,3.7525,3.765,3.75,,11/10/19
3.7525,3.7725,3.8375,3.725,,11/08/19
3.7925,3.7525,3.8,3.7375,,11/07/19
3.8225,3.7875,3.85,3.775,,11/06/19
3.8325,3.8175,3.8475,3.805,,11/05/19
3.8675,3.8325,3.8775,3.83,,11/04/19
3.8925,3.8925,3.9175,3.8625,,11/01/19
3.9025,3.9,3.91,3.8475,,10/31/19
3.8575,3.9075,3.9125,3.8525,,10/30/19
3.835,3.8625,3.875,3.82,,10/29/19
3.86,3.84,3.865,3.8325,,10/28/19
3.87,3.8675,3.9,3.8575,,10/25/19
3.885,3.8675,3.9075,3.8525,,10/24/19
3.8775,3.8775,3.895,3.84,,10/23/19
3.87,3.88,3.925,3.85,,10/22/19
3.9,3.8725,3.9375,3.865,,10/21/19
3.94,3.91,3.9575,3.8975,,10/18/19
3.9175,3.9475,3.9725,3.915,,10/17/19
3.92,3.9175,3.9275,3.875,,10/16/19
3.97,3.9325,3.985,3.925,,10/15/19
4.0125,3.9775,4.025,3.9325,,10/14/19
3.8075,3.9775,3.9875,3.805,,10/11/19
3.9275,3.8025,3.95,3.7825,,10/10/19
3.955,3.9425,3.9725,3.93,,10/09/19
3.875,3.9575,3.965,3.86,,10/08/19
3.875,3.87,3.8775,3.85,,10/07/19
3.88,3.8475,3.89,3.8375,,10/04/19
3.87,3.8875,3.9075,3.855,,10/03/19
3.905,3.8775,3.9175,3.855,,10/02/19
3.8675,3.925,3.9275,3.8525,,10/01/19
3.72,3.88,3.8825,3.715,,09/30/19
3.7125,3.715,3.73,3.6975,,09/27/19
3.735,3.725,3.7575,3.6825,,09/26/19
3.7525,3.7425,3.775,3.7225,,09/25/19
3.72,3.7475,3.76,3.7025,,09/24/19
3.7125,3.7325,3.745,3.71,,09/23/19
3.7275,3.7075,3.745,3.695,,09/20/19
3.715,3.7275,3.7375,3.695,,09/19/19
3.6775,3.7125,3.72,3.6575,,09/18/19
3.74,3.68,3.7425,3.66,,09/17/19
3.72,3.74,3.7475,3.675,,09/16/19
3.585,3.555,3.585,3.585,,09/13/19
3.4975,3.545,3.5375,3.495,,09/12/19
3.4975,3.4825,3.4975,3.4475,,09/11/19
3.44,3.485,3.495,3.44,,09/10/19
3.4325,3.4075,3.4325,3.4,,09/09/19
3.475,3.425,3.4825,3.415,,09/06/19
3.465,3.465,3.495,3.465,,09/05/19
3.505,3.46,3.51,3.445,,09/04/19
3.5875,3.4975,3.59,3.49,,09/03/19
3.5975,3.58,3.645,3.5675,,08/30/19
3.63,3.5975,3.69,3.575,,08/29/19
3.5725,3.6275,3.655,3.5525,,08/28/19
3.59,3.57,3.6,3.5675,,08/27/19
3.58,3.585,3.62,3.57,,08/26/19
3.6275,3.5975,3.63,3.575,,08/23/19
3.63,3.6325,3.665,3.59,,08/22/19
3.6,3.625,3.64,3.57,,08/21/19
3.665,3.595,3.7025,3.5925,,08/20/19
3.6725,3.65,3.6825,3.6325,,08/19/19
3.615,3.71,3.7125,3.6125,,08/16/19
3.6025,3.6075,3.6375,3.5825,,08/15/19
3.6625,3.59,3.705,3.585,,08/14/19
3.79,3.66,3.79,3.655,,08/13/19
4.0975,3.8525,4.1,3.8525,,08/12/19
4.1075,4.1025,4.17,4.0725,,08/09/19
4.0725,4.11,4.12,4.055,,08/08/19
4.0475,4.065,4.075,4.005,,08/07/19
4.0575,4.04,4.08,4.0075,,08/06/19
4,4.0525,4.0675,3.91,,08/05/19
3.9475,3.995,4,3.935,,08/02/19
4.0175,3.9275,4.03,3.8725,,08/01/19
4.1075,4.0025,4.1375,4,,07/31/19
4.17,4.1125,4.17,4.1025,,07/30/19
4.1325,4.17,4.195,4.12,,07/29/19
4.1825,4.145,4.195,4.13,,07/26/19
4.24,4.185,4.2575,4.18,,07/25/19
4.25,4.24,4.305,4.215,,07/24/19
4.2375,4.255,4.265,4.1825,,07/23/19
4.3075,4.2225,4.3225,4.21,,07/22/19
4.255,4.3075,4.34,4.2375,,07/19/19
4.35,4.245,4.36,4.2325,,07/18/19
4.3525,4.36,4.415,4.315,,07/17/19
4.3775,4.3525,4.4075,4.29,,07/16/19
4.5925,4.41,4.6,4.3975,,07/15/19
4.4775,4.495,4.57,4.4775,,07/12/19
4.3325,4.4775,4.48,4.3325,,07/11/19
4.3,4.3425,4.3475,4.28,,07/10/19
4.3725,4.3175,4.3775,4.2925,,07/09/19
4.4075,4.385,4.4275,4.32,,07/08/19
4.33,4.34,4.355,4.27,,07/05/19
4.17,4.33,4.3375,4.17,,07/03/19
4.125,4.135,4.155,4.0825,,07/02/19
4.2425,4.12,4.2475,4.1025,,07/01/19
4.39,4.2025,4.55,4.11,,06/28/19
4.43,4.4,4.455,4.385,,06/27/19
4.47,4.4325,4.4725,4.4075,,06/26/19
4.51,4.475,4.53,4.465,,06/25/19
4.4225,4.4675,4.4775,4.4025,,06/24/19
4.52,4.4225,4.54,4.4175,,06/21/19
4.415,4.5,4.5075,4.365,,06/20/19
4.4975,4.41,4.5175,4.3825,,06/19/19
4.555,4.4975,4.58,4.4275,,06/18/19
4.5825,4.5475,4.6425,4.505,,06/17/19
4.42,4.53,4.5725,4.4175,,06/14/19
4.2975,4.42,4.4275,4.295,,06/13/19
4.2775,4.3,4.345,4.24,,06/12/19
4.15,4.2775,4.3025,4.0825,,06/11/19
4.13,4.1575,4.165,4.09,,06/10/19
4.21,4.1575,4.235,4.15,,06/07/19
4.145,4.205,4.215,4.07,,06/06/19
4.2425,4.1475,4.2475,4.1225,,06/05/19
4.35,4.2525,4.36,4.2125,,06/04/19
4.2625,4.2425,4.3075,4.1825,,06/03/19
4.35,4.27,4.375,4.2325,,05/31/19
4.165,4.3625,4.3675,4.1325,,05/30/19
4.2925,4.1875,4.38,4.1225,,05/29/19
4.08,4.2025,4.21,4.075,,05/28/19
3.905,4.0425,4.0475,3.8975,,05/24/19
3.94,3.8975,3.99,3.87,,05/23/19
3.9325,3.945,3.965,3.8625,,05/22/19
3.9325,3.9425,3.99,3.9125,,05/21/19
3.86,3.89,3.915,3.8575,,05/20/19
3.8,3.8325,3.8475,3.8,,05/17/19
3.6875,3.79,3.8075,3.6875,,05/16/19
0,3.695,3.8,0,,05/15/19
3.5425,3.605,3.6075,3.535,,05/14/19
3.355,3.475,3.4825,3.355,,05/13/19
3.465,3.425,3.465,3.3825,,05/10/19
3.5,3.445,3.5,3.44,,05/09/19
3.565,3.5525,3.565,3.5325,,05/08/19
3.57,3.58,3.5925,3.55,,05/07/19
3.525,3.5575,3.56,3.49,,05/06/19
3.6225,3.63,3.6325,3.6025,,05/03/19
3.61,3.62,3.6225,3.585,,05/02/19
3.535,3.6,3.605,3.535,,05/01/19
3.5225,3.5325,3.54,3.4925,,04/30/19
3.5325,3.52,3.56,3.5125,,04/29/19
3.4725,3.5125,3.535,3.47,,04/26/19
3.46,3.475,3.51,3.4225,,04/25/19
3.51,3.4675,3.525,3.455,,04/24/19
3.5475,3.5125,3.55,3.5025,,04/23/19
3.59,3.5475,3.59,3.5425,,04/22/19
3.58,3.585,3.5925,3.57,,04/18/19
3.5825,3.5825,3.6,3.5675,,04/17/19
3.625,3.59,3.625,3.5725,,04/16/19
3.6125,3.6275,3.6425,3.61,,04/15/19
3.6025,3.61,3.615,3.585,,04/12/19
3.6125,3.6,3.63,3.585,,04/11/19
3.6025,3.6175,3.6275,3.6,,04/10/19
3.5975,3.6,3.6225,3.5525,,04/09/19
3.6225,3.6,3.635,3.595,,04/08/19
3.645,3.625,3.6475,3.605,,04/05/19
3.6275,3.6525,3.6625,3.6275,,04/04/19
3.6125,3.6275,3.6475,3.605,,04/03/19
3.6225,3.615,3.635,3.5925,,04/02/19
3.565,3.6175,3.63,3.565,,04/01/19
3.7375,3.565,3.75,3.56,,03/29/19
3.7375,3.74,3.7475,3.72,,03/28/19
3.7675,3.7375,3.77,3.72,,03/27/19
3.7925,3.7725,3.805,3.755,,03/26/19
3.7875,3.7975,3.8075,3.7675,,03/25/19
3.7575,3.7825,3.8075,3.755,,03/22/19
3.71,3.7625,3.775,3.705,,03/21/19
3.715,3.715,3.725,3.6875,,03/20/19
3.72,3.7125,3.7375,3.6775,,03/19/19
3.74,3.715,3.755,3.7025,,03/18/19
0,3.7325,3.7375,0,,03/15/19
3.6025,3.615,3.6325,3.6,,03/14/19
3.5725,3.5725,3.595,3.55,,03/13/19
3.5325,3.565,3.5775,3.5275,,03/12/19
3.5775,3.5475,3.5825,3.54,,03/08/19
3.6225,3.56,3.6225,3.5575,,03/07/19
3.66,3.625,3.66,3.61,,03/06/19
3.66,3.66,3.6725,3.6475,,03/05/19
3.6525,3.65,3.68,3.645,,03/04/19
3.6175,3.64,3.64,3.575,,03/01/19
3.6375,3.62,3.6475,3.6125,,02/28/19
3.66,3.6375,3.6825,3.625,,02/27/19
3.7075,3.6625,3.7125,3.655,,02/26/19
3.7775,3.705,3.785,3.7,,02/25/19
3.7475,3.7525,3.7775,3.745,,02/22/19
3.71,3.755,3.785,3.705,,02/21/19
3.715,3.7075,3.735,3.685,,02/20/19
3.7425,3.6975,3.7625,3.69,,02/19/19
3.7475,3.7475,3.765,3.73,,02/15/19
3.7875,3.7475,3.79,3.74,,02/14/19
3.775,3.7875,3.79,3.7625,,02/13/19
3.735,3.7825,3.7875,3.73,,02/12/19
3.745,3.7275,3.75,3.7175,,02/11/19
3.765,3.7425,3.8175,3.74,,02/08/19
3.7975,3.765,3.8025,3.7625,,02/07/19
3.805,3.8,3.8075,3.79,,02/06/19
3.795,3.8075,3.8125,3.77,,02/05/19
3.7775,3.7925,3.7975,3.765,,02/04/19
3.765,3.7825,3.8075,3.765,,02/01/19
3.81,3.765,3.815,3.7575,,01/31/19
3.7775,3.8125,3.815,3.775,,01/30/19
3.7975,3.7725,3.8075,3.76,,01/29/19
3.795,3.7975,3.81,3.78,,01/28/19
3.77,3.8025,3.805,3.76,,01/25/19
3.7875,3.77,3.7975,3.7575,,01/24/19
3.795,3.7875,3.8175,3.78,,01/23/19
3.8075,3.79,3.8225,3.7675,,01/22/19
3.7975,3.8175,3.83,3.7775,,01/18/19
3.74,3.8,3.815,3.7375,,01/17/19
3.7275,3.74,3.75,3.725,,01/16/19
3.795,3.7125,3.81,3.71,,01/15/19
3.785,3.785,3.81,3.77,,01/14/19
3.77,3.7825,3.7925,3.7675,,01/11/19
3.815,3.7625,3.8275,3.76,,01/10/19
3.805,3.82,3.835,3.805,,01/09/19
3.825,3.8,3.845,3.79,,01/08/19
3.8225,3.8225,3.84,3.8175,,01/07/19
3.8,3.83,3.835,3.7975,,01/04/19
3.755,3.7975,3.805,3.7475,,01/03/19
3.7525,3.7575,3.7775,3.74,,01/02/19
3.755,3.75,3.77,3.7275,,12/31/18
3.745,3.755,3.775,3.745,,12/28/18
3.7325,3.745,3.765,3.7325,,12/27/18
3.7825,3.7325,3.7925,3.725,,12/26/18
3.7825,3.7775,3.79,3.7525,,12/24/18
3.755,3.785,3.795,3.7475,,12/21/18
3.8175,3.7525,3.8275,3.75,,12/20/18
3.85,3.8175,3.8525,3.815,,12/19/18
3.8375,3.855,3.865,3.8325,,12/18/18
3.8425,3.84,3.86,3.8325,,12/17/18
3.78,3.7675,3.79,3.775,,12/14/18
3.75,3.755,3.775,3.74,,12/13/18
3.755,3.7625,3.78,3.755,,12/12/18
3.7375,3.75,3.765,3.7275,,12/11/18
3.7425,3.7425,3.76,3.7275,,12/10/18
3.7175,3.74,3.7475,3.715,,12/07/18
3.74,3.72,3.745,3.6925,,12/06/18
3.735,3.7425,3.76,3.725,,12/05/18
3.7,3.7425,3.7425,3.695,,12/04/18
3.7275,3.7125,3.74,3.695,,12/03/18
3.6075,3.665,3.6675,3.605,,11/30/18
3.605,3.6025,3.63,3.59,,11/29/18
3.5625,3.605,3.615,3.56,,11/28/18
3.56,3.565,3.585,3.555,,11/27/18
3.595,3.56,3.605,3.5525,,11/26/18
3.61,3.59,3.6175,3.5875,,11/23/18
3.6125,3.6175,3.6325,3.6,,11/21/18
3.6275,3.6125,3.635,3.6125,,11/20/18
3.6475,3.6225,3.6625,3.6125,,11/19/18
3.6725,3.6475,3.6875,3.6325,,11/16/18
3.6675,3.675,3.7175,3.665,,11/15/18
3.66,3.67,3.68,3.6575,,11/14/18
3.695,3.665,3.7075,3.655,,11/13/18
3.69,3.7125,3.725,3.68,,11/12/18
3.7275,3.6975,3.74,3.6825,,11/09/18
3.72,3.735,3.79,3.66,,11/08/18
3.7225,3.7225,3.7325,3.71,,11/07/18
3.7375,3.7325,3.745,3.72,,11/06/18
3.71,3.74,3.7425,3.695,,11/05/18
3.6625,3.7125,3.73,3.6525,,11/02/18
3.6325,3.6675,3.71,3.63,,11/01/18
3.6475,3.6325,3.6525,3.625,,10/31/18
3.6675,3.6475,3.68,3.6425,,10/30/18
3.68,3.6675,3.715,3.655,,10/29/18
3.6175,3.6775,3.6975,3.6175,,10/26/18
3.6775,3.61,3.6825,3.605,,10/25/18
3.695,3.6825,3.6975,3.6775,,10/24/18
3.6925,3.7025,3.725,3.68,,10/23/18
3.655,3.695,3.705,3.655,,10/22/18
3.705,3.67,3.71,3.66,,10/19/18
3.73,3.7075,3.7325,3.695,,10/18/18
3.75,3.7425,3.7625,3.7325,,10/17/18
3.7725,3.7525,3.775,3.735,,10/16/18
3.73,3.7825,3.785,3.7175,,10/15/18
3.69,3.7375,3.74,3.685,,10/12/18
3.62,3.6925,3.73,3.6025,,10/11/18
3.645,3.6275,3.6525,3.62,,10/10/18
3.665,3.645,3.68,3.6375,,10/09/18
3.685,3.665,3.695,3.6425,,10/08/18
3.675,3.6825,3.695,3.63,,10/05/18
3.6475,3.675,3.685,3.6475,,10/04/18
3.6775,3.6475,3.69,3.645,,10/03/18
3.65,3.675,3.69,3.6325,,10/02/18
3.5675,3.6575,3.665,3.565,,10/01/18
3.645,3.5625,3.6675,3.545,,09/28/18
3.63,3.6475,3.6575,3.6125,,09/27/18
3.635,3.63,3.6475,3.6125,,09/26/18
3.6025,3.6375,3.6425,3.575,,09/25/18
3.5725,3.605,3.62,3.5575,,09/24/18
3.525,3.5725,3.5775,3.5225,,09/21/18
3.4525,3.525,3.5625,3.4475,,09/20/18
3.43,3.4575,3.4675,3.43,,09/19/18
3.48,3.4325,3.4875,3.425,,09/18/18
3.51,3.48,3.5175,3.4775,,09/17/18
3.385,3.37,3.3875,3.375,,09/14/18
3.445,3.3625,3.445,3.37,,09/13/18
3.5425,3.415,3.545,3.405,,09/12/18
3.5725,3.5525,3.5725,3.5475,,09/11/18
3.5325,3.555,3.56,3.53,,09/10/18
3.5275,3.5425,3.5575,3.51,,09/07/18
3.535,3.535,3.545,3.5075,,09/06/18
3.56,3.5175,3.56,3.51,,09/05/18
3.515,3.545,3.5525,3.4725,,09/04/18
3.41,3.51,3.52,3.4075,,08/31/18
3.415,3.41,3.44,3.405,,08/30/18
3.41,3.4125,3.44,3.4025,,08/29/18
3.4575,3.41,3.4775,3.4075,,08/28/18
3.485,3.4675,3.4875,3.43,,08/27/18
3.465,3.485,3.5,3.4625,,08/24/18
3.53,3.4675,3.55,3.4625,,08/23/18
3.5925,3.525,3.5925,3.5225,,08/22/18
3.6275,3.5975,3.6375,3.585,,08/21/18
3.6525,3.62,3.66,3.595,,08/20/18
3.65,3.6425,3.6775,3.6175,,08/17/18
3.615,3.6525,3.675,3.605,,08/16/18
3.6225,3.615,3.635,3.59,,08/15/18
3.565,3.6225,3.63,3.565,,08/14/18
3.575,3.565,3.58,3.5225,,08/13/18
3.685,3.5775,3.6975,3.57,,08/10/18
3.71,3.6925,3.7275,3.665,,08/09/18
3.705,3.7125,3.7375,3.7,,08/08/18
3.71,3.7075,3.7325,3.6875,,08/07/18
3.7,3.71,3.7175,3.6825,,08/06/18
3.6675,3.6975,3.7125,3.6475,,08/03/18
3.65,3.6675,3.7275,3.6475,,08/02/18
3.72,3.65,3.73,3.64,,08/01/18
3.67,3.7225,3.7425,3.6625,,07/31/18
3.64,3.6725,3.6925,3.635,,07/30/18
3.61,3.62,3.6375,3.595,,07/27/18
3.61,3.615,3.6575,3.6025,,07/26/18
3.5225,3.5925,3.6,3.52,,07/25/18
3.5525,3.52,3.565,3.515,,07/24/18
3.56,3.5725,3.585,3.545,,07/23/18
3.5125,3.5525,3.5575,3.4975,,07/20/18
3.47,3.5125,3.52,3.45,,07/19/18
3.4625,3.4725,3.49,3.46,,07/18/18
3.45,3.4625,3.4875,3.4425,,07/17/18
3.4,3.4175,3.4575,3.3875,,07/16/18
3.3225,3.3025,3.325,3.3225,,07/13/18
3.3225,3.365,3.4075,3.2975,,07/12/18
3.36,3.3125,3.37,3.315,,07/11/18
3.4425,3.3975,3.4475,3.3625,,07/10/18
3.46,3.4575,3.485,3.4325,,07/09/18
3.42,3.5175,3.5225,3.42,,07/06/18
3.455,3.435,3.4875,3.4225,,07/05/18
3.4025,3.4275,3.4525,3.3925,,07/03/18
3.5225,3.375,3.5225,3.37,,07/02/18
3.4575,3.5025,3.555,3.455,,06/29/18
3.515,3.45,3.525,3.445,,06/28/18
3.52,3.525,3.565,3.515,,06/27/18
3.505,3.525,3.555,3.48,,06/26/18
3.585,3.505,3.595,3.4925,,06/25/18
3.58,3.5725,3.5975,3.55,,06/22/18
3.5425,3.57,3.59,3.4925,,06/21/18
3.54,3.5425,3.57,3.475,,06/20/18
3.5575,3.5375,3.5775,3.3875,,06/19/18
3.595,3.56,3.62,3.54,,06/18/18
3.645,3.6125,3.6825,3.5525,,06/15/18
3.74,3.63,3.7475,3.625,,06/14/18
3.775,3.76,3.7975,3.7325,,06/13/18
3.68,3.775,3.795,3.6725,,06/12/18
3.765,3.6725,3.79,3.6675,,06/11/18
3.7625,3.7775,3.79,3.735,,06/08/18
3.79,3.7625,3.82,3.7425,,06/07/18
3.8425,3.7825,3.865,3.78,,06/06/18
3.8075,3.8375,3.8525,3.8,,06/05/18
3.8975,3.8075,3.8975,3.805,,06/04/18
3.9375,3.915,3.97,3.9075,,06/01/18
3.935,3.94,3.985,3.9325,,05/31/18
3.9825,3.935,3.985,3.9075,,05/30/18
4.0875,4,4.1,3.975,,05/29/18
4.04,4.06,4.0675,4.0325,,05/25/18
4.0825,4.0425,4.1225,4.0375,,05/24/18
4.045,4.085,4.09,4.03,,05/23/18
4.0225,4.0475,4.07,4.01,,05/22/18
0,4.0275,0,0,,05/21/18
3.9525,4.025,4.035,3.95,,05/18/18
3.99,3.9525,4.02,3.95,,05/17/18
4.0175,3.9925,4.0475,3.98,,05/16/18
0,4.0225,4.025,0,,05/15/18
3.885,3.89,3.8875,3.875,,05/14/18
3.94,3.8975,3.9475,3.8975,,05/11/18
3.955,3.9475,3.9975,3.9325,,05/10/18
3.9625,3.9475,3.97,3.94,,05/09/18
3.9275,3.955,3.96,3.9125,,05/08/18
3.9725,3.9325,3.9725,3.9325,,05/07/18
3.995,3.9875,4,3.975,,05/04/18
3.96,3.995,3.995,3.95,,05/03/18
3.9625,3.96,3.9725,3.95,,05/02/18
3.93,3.9675,3.97,3.915,,05/01/18
3.9075,3.925,3.9575,3.905,,04/30/18
3.8525,3.895,3.905,3.8525,,04/27/18
3.86,3.86,3.87,3.84,,04/26/18
3.81,3.865,3.8725,3.805,,04/25/18
3.785,3.8125,3.815,3.77,,04/24/18
3.765,3.785,3.7925,3.7625,,04/23/18
3.8125,3.765,3.8175,3.7625,,04/20/18
3.8275,3.82,3.835,3.8075,,04/19/18
3.8075,3.83,3.835,3.8,,04/18/18
3.83,3.8025,3.845,3.7975,,04/17/18
3.85,3.825,3.8625,3.82,,04/16/18
3.885,3.8625,3.8925,3.85,,04/13/18
3.865,3.8875,3.8925,3.85,,04/12/18
3.8925,3.87,3.905,3.8575,,04/11/18
3.9,3.8925,3.9225,3.885,,04/10/18
3.8975,3.9075,3.925,3.8875,,04/09/18
3.82,3.885,3.9,3.82,,04/06/18
3.82,3.895,3.895,3.8075,,04/05/18
3.88,3.81,3.89,3.72,,04/04/18
3.87,3.885,3.92,3.8675,,04/03/18
3.8925,3.8725,3.925,3.87,,04/02/18
3.7375,3.8775,3.8925,3.7375,,03/29/18
3.7425,3.735,3.75,3.72,,03/28/18
3.74,3.74,3.76,3.7225,,03/27/18
3.785,3.74,3.8075,3.735,,03/26/18
3.7625,3.7725,3.7825,3.6925,,03/23/18
3.755,3.76,3.775,3.74,,03/22/18
3.75,3.75,3.7575,3.7375,,03/21/18
3.7525,3.745,3.77,3.7325,,03/20/18
3.82,3.75,3.82,3.7475,,03/19/18
3.8625,3.8275,3.875,3.825,,03/16/18
0,3.8675,3.9075,3.855,,03/15/18
3.865,3.835,3.865,3.8425,,03/14/18
3.8375,3.855,3.8875,3.835,,03/13/18
3.8275,3.8425,3.8425,3.805,,03/12/18
3.85,3.83,3.8525,3.825,,03/09/18
3.785,3.8575,3.8575,3.78,,03/08/18
3.7875,3.7925,3.8075,3.785,,03/07/18
3.7775,3.7975,3.8025,3.7725,,03/06/18
3.7625,3.7825,3.785,3.7475,,03/05/18
3.7775,3.7725,3.8025,3.76,,03/02/18
3.74,3.7825,3.775,3.72,,03/01/18
3.705,3.745,3.7675,3.6975,,02/28/18
3.6825,3.705,3.71,3.6775,,02/27/18
3.665,3.685,3.7,3.665,,02/26/18
3.6625,3.6625,3.6775,3.6525,,02/23/18
3.655,3.6675,3.67,3.6425,,02/22/18
3.6575,3.6575,3.685,3.6425,,02/21/18
3.69,3.655,3.7,3.6525,,02/20/18
3.68,3.675,3.685,3.665,,02/16/18
3.67,3.6775,3.6875,3.655,,02/15/18
3.665,3.6725,3.685,3.6475,,02/14/18
3.665,3.6675,3.685,3.66,,02/13/18
3.65,3.67,3.67,3.6425,,02/12/18
3.6475,3.62,3.655,3.615,,02/09/18
3.65,3.6575,3.6775,3.645,,02/08/18
3.6375,3.6525,3.6575,3.625,,02/07/18
3.5875,3.635,3.64,3.5625,,02/06/18
3.595,3.5875,3.6075,3.5725,,02/05/18
3.61,3.615,3.625,3.595,,02/02/18
3.6075,3.6175,3.62,3.585,,02/01/18
3.615,3.615,3.62,3.595,,01/31/18
3.595,3.615,3.6225,3.59,,01/30/18
3.5675,3.5875,3.5925,3.5675,,01/29/18
3.55,3.565,3.57,3.545,,01/26/18
3.56,3.5525,3.58,3.545,,01/25/18
3.5125,3.565,3.57,3.4975,,01/24/18
3.5175,3.5125,3.52,3.495,,01/23/18
3.535,3.52,3.545,3.5125,,01/22/18
3.515,3.525,3.54,3.5125,,01/19/18
3.525,3.515,3.54,3.505,,01/18/18
3.485,3.53,3.5325,3.4825,,01/17/18
3.4725,3.4825,3.4925,3.46,,01/16/18
3.4875,3.4625,3.5,3.455,,01/12/18
3.49,3.4875,3.505,3.48,,01/11/18
3.4875,3.49,3.5,3.48,,01/10/18
3.475,3.49,3.5,3.4725,,01/09/18
3.5075,3.4725,3.515,3.4675,,01/08/18
3.5075,3.5125,3.5225,3.5025,,01/05/18
3.53,3.51,3.535,3.5025,,01/04/18
3.53,3.53,3.5475,3.5225,,01/03/18
3.5125,3.5325,3.54,3.505,,01/02/18
3.5125,3.5075,3.515,3.5025,,12/29/17
3.53,3.52,3.535,3.5,,12/28/17
3.52,3.5375,3.5425,3.5175,,12/27/17
3.52,3.5275,3.5325,3.51,,12/26/17
3.5075,3.52,3.525,3.505,,12/22/17
3.49,3.5125,3.5175,3.485,,12/21/17
3.475,3.4925,3.4975,3.4725,,12/20/17
3.4675,3.475,3.4875,3.465,,12/19/17
3.4725,3.47,3.4875,3.465,,12/18/17
0,3.475,3.5075,3.465,,12/15/17
3.37,3.3625,3.38,3.3675,,12/14/17
3.3725,3.3675,3.375,3.365,,12/13/17
3.365,3.3575,3.4075,3.3525,,12/12/17
3.4,3.365,3.4,3.36,,12/11/17
3.385,3.4,3.4125,3.385,,12/08/17
3.39,3.3875,3.4,3.375,,12/07/17
3.39,3.3925,3.415,3.3775,,12/06/17
3.3975,3.3975,3.43,3.385,,12/05/17
3.4475,3.395,3.46,3.3875,,12/04/17
3.4175,3.4475,3.4525,3.41,,12/01/17
3.3925,3.4175,3.43,3.375,,11/30/17
3.3575,3.39,3.4,3.355,,11/29/17
3.39,3.3625,3.395,3.3575,,11/28/17
3.425,3.3875,3.425,3.385,,11/27/17
3.4425,3.4225,3.4575,3.3975,,11/24/17
3.4425,3.4525,3.47,3.44,,11/22/17
3.44,3.45,3.4575,3.4275,,11/21/17
3.425,3.45,3.4525,3.415,,11/20/17
3.365,3.43,3.435,3.365,,11/17/17
3.3825,3.365,3.39,3.3625,,11/16/17
3.3725,3.3825,3.39,3.37,,11/15/17
3.42,3.375,3.4225,3.3725,,11/14/17
3.435,3.4225,3.44,3.415,,11/13/17
3.4175,3.435,3.44,3.41,,11/10/17
3.475,3.415,3.4975,3.4075,,11/09/17
3.475,3.4825,3.49,3.4575,,11/08/17
3.4775,3.4775,3.4825,3.4625,,11/07/17
3.485,3.48,3.5025,3.4775,,11/06/17
3.5025,3.4825,3.51,3.475,,11/03/17
3.4775,3.505,3.52,3.475,,11/02/17
3.4575,3.4825,3.4925,3.4525,,11/01/17
3.48,3.4575,3.4875,3.455,,10/31/17
3.485,3.4875,3.4975,3.4725,,10/30/17
3.5025,3.4875,3.5025,3.475,,10/27/17
3.5075,3.505,3.52,3.495,,10/26/17
3.525,3.51,3.5525,3.505,,10/25/17
3.51,3.5275,3.53,3.495,,10/24/17
3.4425,3.5125,3.5175,3.43,,10/23/17
3.49,3.445,3.5,3.4425,,10/20/17
3.4875,3.49,3.515,3.485,,10/19/17
3.5025,3.485,3.505,3.4775,,10/18/17
3.5025,3.5,3.5175,3.485,,10/17/17
3.5275,3.505,3.5325,3.4975,,10/16/17
3.485,3.5275,3.535,3.4825,,10/13/17
3.46,3.49,3.54,3.425,,10/12/17
3.4875,3.46,3.49,3.455,,10/11/17
3.49,3.4925,3.5125,3.4825,,10/10/17
3.505,3.495,3.5175,3.48,,10/09/17
3.4925,3.5,3.51,3.485,,10/06/17
3.4825,3.495,3.5125,3.475,,10/05/17
3.4925,3.4825,3.495,3.46,,10/04/17
3.515,3.495,3.515,3.4875,,10/03/17
3.5475,3.515,3.5625,3.51,,10/02/17
3.5225,3.5525,3.58,3.5,,09/29/17
3.5325,3.525,3.5375,3.505,,09/28/17
3.52,3.54,3.545,3.485,,09/27/17
3.5275,3.5225,3.555,3.515,,09/26/17
3.5275,3.5375,3.55,3.5125,,09/25/17
3.4975,3.535,3.5625,3.495,,09/22/17
3.495,3.5025,3.5125,3.485,,09/21/17
3.48,3.5,3.515,3.4725,,09/20/17
3.51,3.4825,3.5325,3.465,,09/19/17
3.5325,3.515,3.555,3.505,,09/18/17
0,3.5475,3.555,3.525,,09/15/17
3.4325,3.4175,3.4325,3.4325,,09/14/17
3.395,3.385,3.4425,3.3925,,09/13/17
3.46,3.4,3.46,3.36,,09/12/17
3.4525,3.455,3.465,3.4275,,09/11/17
3.4225,3.4425,3.455,3.4225,,09/08/17
3.4675,3.4175,3.4675,3.4175,,09/07/17
3.4375,3.47,3.4725,3.42,,09/06/17
3.4325,3.4425,3.4575,3.4125,,09/05/17
3.415,3.4,3.455,3.38,,09/01/17
3.2925,3.4225,3.4275,3.285,,08/31/17
3.33,3.295,3.34,3.29,,08/30/17
3.355,3.335,3.36,3.32,,08/29/17
3.3875,3.36,3.4025,3.355,,08/28/17
3.42,3.3875,3.4275,3.38,,08/25/17
3.415,3.42,3.4275,3.4025,,08/24/17
3.4625,3.42,3.4875,3.415,,08/23/17
3.49,3.46,3.51,3.46,,08/22/17
3.505,3.49,3.5075,3.465,,08/21/17
3.5,3.52,3.525,3.4975,,08/18/17
3.525,3.505,3.5375,3.495,,08/17/17
3.55,3.525,3.5675,3.4925,,08/16/17
3.61,3.5525,3.61,3.54,,08/15/17
3.5875,3.6275,3.63,3.56,,08/14/17
3.5875,3.6075,3.615,3.5725,,08/11/17
3.7175,3.5725,3.755,3.565,,08/10/17
3.69,3.7225,3.725,3.6875,,08/09/17
3.725,3.6975,3.7425,3.6825,,08/08/17
3.6875,3.7225,3.725,3.6825,,08/07/17
3.635,3.665,3.68,3.6325,,08/04/17
3.65,3.635,3.6725,3.6125,,08/03/17
3.645,3.65,3.6725,3.6375,,08/02/17
3.6925,3.625,3.715,3.62,,08/01/17
3.71,3.7075,3.7225,3.675,,07/31/17
3.7375,3.7425,3.77,3.73,,07/28/17
3.74,3.7425,3.7725,3.73,,07/27/17
3.685,3.7275,3.7325,3.66,,07/26/17
3.82,3.6875,3.8375,3.685,,07/25/17
3.755,3.7725,3.775,3.71,,07/24/17
3.905,3.7975,3.91,3.785,,07/21/17
3.825,3.91,3.9325,3.805,,07/20/17
3.765,3.825,3.89,3.7425,,07/19/17
3.8075,3.77,3.8875,3.7525,,07/18/17
3.7575,3.75,3.7875,3.705,,07/17/17
3.69,3.7625,3.69,3.69,,07/14/17
3.7625,3.61,3.7625,3.6,,07/13/17
3.905,3.7625,3.9125,3.76,,07/12/17
3.9325,3.9225,3.945,3.87,,07/11/17
3.8775,3.9175,3.9225,3.8775,,07/10/17
3.79,3.8225,3.8675,3.7825,,07/07/17
3.8,3.8025,3.8125,3.75,,07/06/17
3.795,3.8175,3.8325,3.7475,,07/05/17
3.7325,3.78,3.8525,3.73,,07/03/17
3.6,3.705,3.725,3.595,,06/30/17
3.5675,3.5975,3.6225,3.5625,,06/29/17
3.595,3.5675,3.605,3.5675,,06/28/17
3.6125,3.5925,3.6425,3.5925,,06/27/17
3.585,3.59,3.6175,3.5725,,06/26/17
3.6275,3.5775,3.6475,3.565,,06/23/17
3.6875,3.6275,3.6925,3.625,,06/22/17
3.695,3.6875,3.735,3.6825,,06/21/17
3.7625,3.7,3.775,3.6925,,06/20/17
3.7825,3.7525,3.815,3.7525,,06/19/17
3.7875,3.84,3.845,3.77,,06/16/17
3.7675,3.795,3.82,3.7,,06/15/17
3.81,3.77,3.85,3.7675,,06/14/17
3.7925,3.81,3.8375,3.775,,06/13/17
3.86,3.7725,3.8725,3.7625,,06/12/17
3.8425,3.8775,3.895,3.8075,,06/09/17
3.85,3.8575,3.9175,3.8425,,06/08/17
3.7825,3.8475,3.87,3.7825,,06/07/17
3.72,3.7725,3.7975,3.7125,,06/06/17
3.7375,3.73,3.755,3.72,,06/05/17
3.705,3.7275,3.7475,3.695,,06/02/17
3.715,3.705,3.7375,3.675,,06/01/17
3.7025,3.72,3.765,3.69,,05/31/17
3.735,3.67,3.7375,3.6625,,05/30/17
3.6925,3.7425,3.7475,3.6875,,05/26/17
3.71,3.6925,3.73,3.6875,,05/25/17
3.7,3.7125,3.715,3.6875,,05/24/17
3.7475,3.695,3.7575,3.69,,05/23/17
3.7275,3.75,3.775,3.7175,,05/22/17
3.66,3.725,3.73,3.66,,05/19/17
3.715,3.66,3.715,3.6425,,05/18/17
3.67,3.715,3.7225,3.6625,,05/17/17
3.6725,3.6775,3.6875,3.6525,,05/16/17
3.705,3.6775,3.7175,3.6725,,05/15/17
3.61,3.6175,3.62,3.6,,05/12/17
3.6425,3.605,3.6425,3.6025,,05/11/17
3.5875,3.6525,3.65,3.5825,,05/10/17
3.5825,3.5825,3.605,3.5725,,05/09/17
3.605,3.5675,3.605,3.565,,05/08/17
3.59,3.6175,3.655,3.59,,05/05/17
3.67,3.58,3.675,3.575,,05/04/17
3.635,3.6625,3.675,3.6225,,05/03/17
3.6725,3.64,3.6975,3.6225,,05/02/17
3.63,3.6925,3.705,3.6175,,05/01/17